{"__symbolic":"module","version":4,"metadata":{"MatBadgeModule":{"__symbolic":"class","decorators":[{"__symbolic":"call","expression":{"__symbolic":"reference","module":"@angular/core","name":"NgModule","line":14,"character":1},"arguments":[{"imports":[{"__symbolic":"reference","module":"@angular/cdk/a11y","name":"A11yModule","line":16,"character":4},{"__symbolic":"reference","module":"@angular/material/core","name":"MatCommonModule","line":17,"character":4}],"exports":[{"__symbolic":"reference","name":"MatBadge"}],"declarations":[{"__symbolic":"reference","name":"MatBadge"}]}]}],"members":{}},"MatBadgeBase":{"__symbolic":"class","members":{}},"_MatBadgeMixinBase":{"__symbolic":"call","expression":{"__symbolic":"reference","module":"@angular/material/core","name":"mixinDisabled","line":31,"character":43},"arguments":[{"__symbolic":"reference","name":"MatBadgeBase"}]},"MatBadgePosition":{"__symbolic":"interface"},"MatBadgeSize":{"__symbolic":"interface"},"MatBadge":{"__symbolic":"class","extends":{"__symbolic":"reference","name":"_MatBadgeMixinBase"},"decorators":[{"__symbolic":"call","expression":{"__symbolic":"reference","module":"@angular/core","name":"Directive","line":37,"character":1},"arguments":[{"selector":"[matBadge]","inputs":["disabled: matBadgeDisabled"],"host":{"class":"mat-badge","[class.mat-badge-overlap]":"overlap","[class.mat-badge-above]":"isAbove()","[class.mat-badge-below]":"!isAbove()","[class.mat-badge-before]":"!isAfter()","[class.mat-badge-after]":"isAfter()","[class.mat-badge-small]":"size === \"small\"","[class.mat-badge-medium]":"size === \"medium\"","[class.mat-badge-large]":"size === \"large\"","[class.mat-badge-hidden]":"hidden || !_hasContent","[class.mat-badge-disabled]":"disabled","$quoted$":["class","[class.mat-badge-overlap]","[class.mat-badge-above]","[class.mat-badge-below]","[class.mat-badge-before]","[class.mat-badge-after]","[class.mat-badge-small]","[class.mat-badge-medium]","[class.mat-badge-large]","[class.mat-badge-hidden]","[class.mat-badge-disabled]"]}}]}],"members":{"color":[{"__symbolic":"property","decorators":[{"__symbolic":"call","expression":{"__symbolic":"reference","module":"@angular/core","name":"Input","line":59,"character":3},"arguments":["matBadgeColor"]}]}],"overlap":[{"__symbolic":"property","decorators":[{"__symbolic":"call","expression":{"__symbolic":"reference","module":"@angular/core","name":"Input","line":68,"character":3},"arguments":["matBadgeOverlap"]}]}],"position":[{"__symbolic":"property","decorators":[{"__symbolic":"call","expression":{"__symbolic":"reference","module":"@angular/core","name":"Input","line":79,"character":3},"arguments":["matBadgePosition"]}]}],"content":[{"__symbolic":"property","decorators":[{"__symbolic":"call","expression":{"__symbolic":"reference","module":"@angular/core","name":"Input","line":82,"character":3},"arguments":["matBadge"]}]}],"description":[{"__symbolic":"property","decorators":[{"__symbolic":"call","expression":{"__symbolic":"reference","module":"@angular/core","name":"Input","line":92,"character":3},"arguments":["matBadgeDescription"]}]}],"size":[{"__symbolic":"property","decorators":[{"__symbolic":"call","expression":{"__symbolic":"reference","module":"@angular/core","name":"Input","line":109,"character":3},"arguments":["matBadgeSize"]}]}],"hidden":[{"__symbolic":"property","decorators":[{"__symbolic":"call","expression":{"__symbolic":"reference","module":"@angular/core","name":"Input","line":112,"character":3},"arguments":["matBadgeHidden"]}]}],"__ctor__":[{"__symbolic":"constructor","parameterDecorators":[[{"__symbolic":"call","expression":{"__symbolic":"reference","module":"@angular/core","name":"Optional","line":125,"character":7}},{"__symbolic":"call","expression":{"__symbolic":"reference","module":"@angular/core","name":"Inject","line":125,"character":19},"arguments":[{"__symbolic":"reference","module":"@angular/common","name":"DOCUMENT","line":125,"character":26}]}],null,null,null,null],"parameters":[{"__symbolic":"reference","name":"any"},{"__symbolic":"reference","module":"@angular/core","name":"NgZone","line":126,"character":23},{"__symbolic":"reference","name":"ElementRef","module":"@angular/core","arguments":[{"__symbolic":"error","message":"Could not resolve type","line":127,"character":38,"context":{"typeName":"HTMLElement"},"module":"./badge"}]},{"__symbolic":"reference","module":"@angular/cdk/a11y","name":"AriaDescriber","line":128,"character":30},{"__symbolic":"reference","module":"@angular/core","name":"Renderer2","line":130,"character":26}]}],"isAbove":[{"__symbolic":"method"}],"isAfter":[{"__symbolic":"method"}],"ngOnDestroy":[{"__symbolic":"method"}],"_updateTextContent":[{"__symbolic":"method"}],"_createBadgeElement":[{"__symbolic":"method"}],"_updateHostAriaDescription":[{"__symbolic":"method"}],"_setColor":[{"__symbolic":"method"}],"_clearExistingBadges":[{"__symbolic":"method"}]}}},"origins":{"MatBadgeModule":"./badge-module","MatBadgeBase":"./badge","_MatBadgeMixinBase":"./badge","MatBadgePosition":"./badge","MatBadgeSize":"./badge","MatBadge":"./badge"},"importAs":"@angular/material/badge"}