{"__symbolic":"module","version":4,"metadata":{"MatAutocompleteSelectedEvent":{"__symbolic":"class","members":{"__ctor__":[{"__symbolic":"constructor","parameters":[{"__symbolic":"reference","name":"MatAutocomplete"},{"__symbolic":"reference","module":"@angular/material/core","name":"MatOption","line":49,"character":19}]}]}},"MatAutocompleteBase":{"__symbolic":"class","members":{}},"_MatAutocompleteMixinBase":{"__symbolic":"call","expression":{"__symbolic":"reference","module":"@angular/material/core","name":"mixinDisableRipple","line":57,"character":4},"arguments":[{"__symbolic":"reference","name":"MatAutocompleteBase"}]},"MatAutocompleteDefaultOptions":{"__symbolic":"interface"},"MAT_AUTOCOMPLETE_DEFAULT_OPTIONS":{"__symbolic":"new","expression":{"__symbolic":"reference","module":"@angular/core","name":"InjectionToken","line":67,"character":8},"arguments":["mat-autocomplete-default-options",{"providedIn":"root","factory":{"__symbolic":"reference","name":"MAT_AUTOCOMPLETE_DEFAULT_OPTIONS_FACTORY"}}]},"MAT_AUTOCOMPLETE_DEFAULT_OPTIONS_FACTORY":{"__symbolic":"function","parameters":[],"value":{"autoActiveFirstOption":false}},"MatAutocomplete":{"__symbolic":"class","extends":{"__symbolic":"reference","name":"_MatAutocompleteMixinBase"},"decorators":[{"__symbolic":"call","expression":{"__symbolic":"reference","module":"@angular/core","name":"Component","line":77,"character":1},"arguments":[{"moduleId":{"__symbolic":"select","expression":{"__symbolic":"reference","name":"module"},"member":"id"},"selector":"mat-autocomplete","encapsulation":{"__symbolic":"select","expression":{"__symbolic":"reference","module":"@angular/core","name":"ViewEncapsulation","line":82,"character":17},"member":"None"},"changeDetection":{"__symbolic":"select","expression":{"__symbolic":"reference","module":"@angular/core","name":"ChangeDetectionStrategy","line":83,"character":19},"member":"OnPush"},"exportAs":"matAutocomplete","inputs":["disableRipple"],"host":{"class":"mat-autocomplete","$quoted$":["class"]},"providers":[{"provide":{"__symbolic":"reference","module":"@angular/material/core","name":"MAT_OPTION_PARENT_COMPONENT","line":90,"character":14},"useExisting":{"__symbolic":"reference","name":"MatAutocomplete"}}],"template":"<ng-template><div class=\"mat-autocomplete-panel\" role=\"listbox\" [id]=\"id\" [ngClass]=\"_classList\" #panel><ng-content></ng-content></div></ng-template>","styles":[".mat-autocomplete-panel{min-width:112px;max-width:280px;overflow:auto;-webkit-overflow-scrolling:touch;visibility:hidden;max-width:none;max-height:256px;position:relative;width:100%;border-bottom-left-radius:4px;border-bottom-right-radius:4px}.mat-autocomplete-panel.mat-autocomplete-visible{visibility:visible}.mat-autocomplete-panel.mat-autocomplete-hidden{visibility:hidden}.mat-autocomplete-panel-above .mat-autocomplete-panel{border-radius:0;border-top-left-radius:4px;border-top-right-radius:4px}.mat-autocomplete-panel .mat-divider-horizontal{margin-top:-1px}@media (-ms-high-contrast:active){.mat-autocomplete-panel{outline:solid 1px}}"]}]}],"members":{"template":[{"__symbolic":"property","decorators":[{"__symbolic":"call","expression":{"__symbolic":"reference","module":"@angular/core","name":"ViewChild","line":107,"character":3},"arguments":[{"__symbolic":"reference","module":"@angular/core","name":"TemplateRef","line":107,"character":13}]}]}],"panel":[{"__symbolic":"property","decorators":[{"__symbolic":"call","expression":{"__symbolic":"reference","module":"@angular/core","name":"ViewChild","line":110,"character":3},"arguments":["panel"]}]}],"options":[{"__symbolic":"property","decorators":[{"__symbolic":"call","expression":{"__symbolic":"reference","module":"@angular/core","name":"ContentChildren","line":113,"character":3},"arguments":[{"__symbolic":"reference","module":"@angular/material/core","name":"MatOption","line":49,"character":19},{"descendants":true}]}]}],"optionGroups":[{"__symbolic":"property","decorators":[{"__symbolic":"call","expression":{"__symbolic":"reference","module":"@angular/core","name":"ContentChildren","line":116,"character":3},"arguments":[{"__symbolic":"reference","module":"@angular/material/core","name":"MatOptgroup","line":116,"character":19}]}]}],"displayWith":[{"__symbolic":"property","decorators":[{"__symbolic":"call","expression":{"__symbolic":"reference","module":"@angular/core","name":"Input","line":119,"character":3}}]}],"autoActiveFirstOption":[{"__symbolic":"property","decorators":[{"__symbolic":"call","expression":{"__symbolic":"reference","module":"@angular/core","name":"Input","line":125,"character":3}}]}],"panelWidth":[{"__symbolic":"property","decorators":[{"__symbolic":"call","expression":{"__symbolic":"reference","module":"@angular/core","name":"Input","line":136,"character":3}}]}],"optionSelected":[{"__symbolic":"property","decorators":[{"__symbolic":"call","expression":{"__symbolic":"reference","module":"@angular/core","name":"Output","line":139,"character":3}}]}],"opened":[{"__symbolic":"property","decorators":[{"__symbolic":"call","expression":{"__symbolic":"reference","module":"@angular/core","name":"Output","line":143,"character":3}}]}],"closed":[{"__symbolic":"property","decorators":[{"__symbolic":"call","expression":{"__symbolic":"reference","module":"@angular/core","name":"Output","line":146,"character":3}}]}],"classList":[{"__symbolic":"property","decorators":[{"__symbolic":"call","expression":{"__symbolic":"reference","module":"@angular/core","name":"Input","line":152,"character":3},"arguments":["class"]}]}],"__ctor__":[{"__symbolic":"constructor","parameterDecorators":[null,null,[{"__symbolic":"call","expression":{"__symbolic":"reference","module":"@angular/core","name":"Inject","line":167,"character":5},"arguments":[{"__symbolic":"reference","name":"MAT_AUTOCOMPLETE_DEFAULT_OPTIONS"}]}]],"parameters":[{"__symbolic":"reference","module":"@angular/core","name":"ChangeDetectorRef","line":165,"character":32},{"__symbolic":"reference","name":"ElementRef","module":"@angular/core","arguments":[{"__symbolic":"error","message":"Could not resolve type","line":166,"character":36,"context":{"typeName":"HTMLElement"},"module":"./autocomplete"}]},{"__symbolic":"reference","name":"any"}]}],"ngAfterContentInit":[{"__symbolic":"method"}],"_setScrollTop":[{"__symbolic":"method"}],"_getScrollTop":[{"__symbolic":"method"}],"_setVisibility":[{"__symbolic":"method"}],"_emitSelectEvent":[{"__symbolic":"method"}]}},"MatAutocompleteModule":{"__symbolic":"class","decorators":[{"__symbolic":"call","expression":{"__symbolic":"reference","module":"@angular/core","name":"NgModule","line":19,"character":1},"arguments":[{"imports":[{"__symbolic":"reference","module":"@angular/material/core","name":"MatOptionModule","line":20,"character":12},{"__symbolic":"reference","module":"@angular/cdk/overlay","name":"OverlayModule","line":20,"character":29},{"__symbolic":"reference","module":"@angular/material/core","name":"MatCommonModule","line":20,"character":44},{"__symbolic":"reference","module":"@angular/common","name":"CommonModule","line":20,"character":61}],"exports":[{"__symbolic":"reference","name":"MatAutocomplete"},{"__symbolic":"reference","module":"@angular/material/core","name":"MatOptionModule","line":23,"character":4},{"__symbolic":"reference","name":"MatAutocompleteTrigger"},{"__symbolic":"reference","name":"MatAutocompleteOrigin"},{"__symbolic":"reference","module":"@angular/material/core","name":"MatCommonModule","line":26,"character":4}],"declarations":[{"__symbolic":"reference","name":"MatAutocomplete"},{"__symbolic":"reference","name":"MatAutocompleteTrigger"},{"__symbolic":"reference","name":"MatAutocompleteOrigin"}],"providers":[{"__symbolic":"reference","name":"MAT_AUTOCOMPLETE_SCROLL_STRATEGY_FACTORY_PROVIDER"}]}]}],"members":{}},"AUTOCOMPLETE_OPTION_HEIGHT":48,"AUTOCOMPLETE_PANEL_HEIGHT":256,"MAT_AUTOCOMPLETE_SCROLL_STRATEGY":{"__symbolic":"new","expression":{"__symbolic":"reference","module":"@angular/core","name":"InjectionToken","line":63,"character":8},"arguments":["mat-autocomplete-scroll-strategy"]},"MAT_AUTOCOMPLETE_SCROLL_STRATEGY_FACTORY":{"__symbolic":"function","parameters":["overlay"],"value":{"__symbolic":"error","message":"Lambda not supported","line":67,"character":9,"module":"./autocomplete-trigger"}},"MAT_AUTOCOMPLETE_SCROLL_STRATEGY_FACTORY_PROVIDER":{"provide":{"__symbolic":"reference","name":"MAT_AUTOCOMPLETE_SCROLL_STRATEGY"},"deps":[{"__symbolic":"reference","module":"@angular/cdk/overlay","name":"Overlay","line":73,"character":9}],"useFactory":{"__symbolic":"reference","name":"MAT_AUTOCOMPLETE_SCROLL_STRATEGY_FACTORY"}},"MAT_AUTOCOMPLETE_VALUE_ACCESSOR":{"provide":{"__symbolic":"reference","module":"@angular/forms","name":"NG_VALUE_ACCESSOR","line":82,"character":11},"useExisting":{"__symbolic":"reference","name":"MatAutocompleteTrigger"},"multi":true},"getMatAutocompleteMissingPanelError":{"__symbolic":"function","parameters":[],"value":{"__symbolic":"call","expression":{"__symbolic":"reference","name":"Error"},"arguments":["Attempting to open an undefined instance of `mat-autocomplete`. Make sure that the id passed to the `matAutocomplete` is correct and that you're attempting to open it after the ngAfterContentInit hook."]}},"MatAutocompleteTrigger":{"__symbolic":"class","decorators":[{"__symbolic":"call","expression":{"__symbolic":"reference","module":"@angular/core","name":"Directive","line":98,"character":1},"arguments":[{"selector":"input[matAutocomplete], textarea[matAutocomplete]","host":{"[attr.autocomplete]":"autocompleteAttribute","[attr.role]":"autocompleteDisabled ? null : \"combobox\"","[attr.aria-autocomplete]":"autocompleteDisabled ? null : \"list\"","[attr.aria-activedescendant]":"(panelOpen && activeOption) ? activeOption.id : null","[attr.aria-expanded]":"autocompleteDisabled ? null : panelOpen.toString()","[attr.aria-owns]":"(autocompleteDisabled || !panelOpen) ? null : autocomplete?.id","[attr.aria-haspopup]":"!autocompleteDisabled","(focusin)":"_handleFocus()","(blur)":"_onTouched()","(input)":"_handleInput($event)","(keydown)":"_handleKeydown($event)","$quoted$":["[attr.autocomplete]","[attr.role]","[attr.aria-autocomplete]","[attr.aria-activedescendant]","[attr.aria-expanded]","[attr.aria-owns]","[attr.aria-haspopup]","(focusin)","(blur)","(input)","(keydown)"]},"exportAs":"matAutocompleteTrigger","providers":[{"__symbolic":"reference","name":"MAT_AUTOCOMPLETE_VALUE_ACCESSOR"}]}]}],"members":{"autocomplete":[{"__symbolic":"property","decorators":[{"__symbolic":"call","expression":{"__symbolic":"reference","module":"@angular/core","name":"Input","line":169,"character":3},"arguments":["matAutocomplete"]}]}],"connectedTo":[{"__symbolic":"property","decorators":[{"__symbolic":"call","expression":{"__symbolic":"reference","module":"@angular/core","name":"Input","line":175,"character":3},"arguments":["matAutocompleteConnectedTo"]}]}],"autocompleteAttribute":[{"__symbolic":"property","decorators":[{"__symbolic":"call","expression":{"__symbolic":"reference","module":"@angular/core","name":"Input","line":181,"character":3},"arguments":["autocomplete"]}]}],"autocompleteDisabled":[{"__symbolic":"property","decorators":[{"__symbolic":"call","expression":{"__symbolic":"reference","module":"@angular/core","name":"Input","line":187,"character":3},"arguments":["matAutocompleteDisabled"]}]}],"__ctor__":[{"__symbolic":"constructor","parameterDecorators":[null,null,null,null,null,[{"__symbolic":"call","expression":{"__symbolic":"reference","module":"@angular/core","name":"Inject","line":197,"character":15},"arguments":[{"__symbolic":"reference","name":"MAT_AUTOCOMPLETE_SCROLL_STRATEGY"}]}],[{"__symbolic":"call","expression":{"__symbolic":"reference","module":"@angular/core","name":"Optional","line":198,"character":15}}],[{"__symbolic":"call","expression":{"__symbolic":"reference","module":"@angular/core","name":"Optional","line":199,"character":15}},{"__symbolic":"call","expression":{"__symbolic":"reference","module":"@angular/core","name":"Host","line":199,"character":27}}],[{"__symbolic":"call","expression":{"__symbolic":"reference","module":"@angular/core","name":"Optional","line":200,"character":15}},{"__symbolic":"call","expression":{"__symbolic":"reference","module":"@angular/core","name":"Inject","line":200,"character":27},"arguments":[{"__symbolic":"reference","module":"@angular/common","name":"DOCUMENT","line":200,"character":34}]}],null],"parameters":[{"__symbolic":"reference","name":"ElementRef","module":"@angular/core","arguments":[{"__symbolic":"error","message":"Could not resolve type","line":193,"character":43,"context":{"typeName":"HTMLInputElement"},"module":"./autocomplete-trigger"}]},{"__symbolic":"reference","module":"@angular/cdk/overlay","name":"Overlay","line":193,"character":80},{"__symbolic":"reference","module":"@angular/core","name":"ViewContainerRef","line":194,"character":41},{"__symbolic":"reference","module":"@angular/core","name":"NgZone","line":195,"character":29},{"__symbolic":"reference","module":"@angular/core","name":"ChangeDetectorRef","line":196,"character":42},{"__symbolic":"reference","name":"any"},{"__symbolic":"reference","module":"@angular/cdk/bidi","name":"Directionality","line":198,"character":40},{"__symbolic":"reference","module":"@angular/material/form-field","name":"MatFormField","line":199,"character":54},{"__symbolic":"reference","name":"any"},{"__symbolic":"reference","module":"@angular/cdk/scrolling","name":"ViewportRuler","line":202,"character":39}]}],"ngOnDestroy":[{"__symbolic":"method"}],"openPanel":[{"__symbolic":"method"}],"closePanel":[{"__symbolic":"method"}],"updatePosition":[{"__symbolic":"method"}],"_getOutsideClickStream":[{"__symbolic":"method"}],"writeValue":[{"__symbolic":"method"}],"registerOnChange":[{"__symbolic":"method"}],"registerOnTouched":[{"__symbolic":"method"}],"setDisabledState":[{"__symbolic":"method"}],"_handleKeydown":[{"__symbolic":"method"}],"_handleInput":[{"__symbolic":"method"}],"_handleFocus":[{"__symbolic":"method"}],"_floatLabel":[{"__symbolic":"method"}],"_resetLabel":[{"__symbolic":"method"}],"_scrollToOption":[{"__symbolic":"method"}],"_subscribeToClosingActions":[{"__symbolic":"method"}],"_destroyPanel":[{"__symbolic":"method"}],"_setTriggerValue":[{"__symbolic":"method"}],"_setValueAndClose":[{"__symbolic":"method"}],"_clearPreviousSelectedOption":[{"__symbolic":"method"}],"_attachOverlay":[{"__symbolic":"method"}],"_getOverlayConfig":[{"__symbolic":"method"}],"_getOverlayPosition":[{"__symbolic":"method"}],"_getConnectedElement":[{"__symbolic":"method"}],"_getPanelWidth":[{"__symbolic":"method"}],"_getHostWidth":[{"__symbolic":"method"}],"_resetActiveItem":[{"__symbolic":"method"}],"_canOpen":[{"__symbolic":"method"}]}},"MatAutocompleteOrigin":{"__symbolic":"class","decorators":[{"__symbolic":"call","expression":{"__symbolic":"reference","module":"@angular/core","name":"Directive","line":14,"character":1},"arguments":[{"selector":"[matAutocompleteOrigin]","exportAs":"matAutocompleteOrigin"}]}],"members":{"__ctor__":[{"__symbolic":"constructor","parameters":[{"__symbolic":"reference","name":"ElementRef","module":"@angular/core","arguments":[{"__symbolic":"error","message":"Could not resolve type","line":21,"character":36,"context":{"typeName":"HTMLElement"},"module":"./autocomplete-origin"}]}]}]}}},"origins":{"MatAutocompleteSelectedEvent":"./autocomplete","MatAutocompleteBase":"./autocomplete","_MatAutocompleteMixinBase":"./autocomplete","MatAutocompleteDefaultOptions":"./autocomplete","MAT_AUTOCOMPLETE_DEFAULT_OPTIONS":"./autocomplete","MAT_AUTOCOMPLETE_DEFAULT_OPTIONS_FACTORY":"./autocomplete","MatAutocomplete":"./autocomplete","MatAutocompleteModule":"./autocomplete-module","AUTOCOMPLETE_OPTION_HEIGHT":"./autocomplete-trigger","AUTOCOMPLETE_PANEL_HEIGHT":"./autocomplete-trigger","MAT_AUTOCOMPLETE_SCROLL_STRATEGY":"./autocomplete-trigger","MAT_AUTOCOMPLETE_SCROLL_STRATEGY_FACTORY":"./autocomplete-trigger","MAT_AUTOCOMPLETE_SCROLL_STRATEGY_FACTORY_PROVIDER":"./autocomplete-trigger","MAT_AUTOCOMPLETE_VALUE_ACCESSOR":"./autocomplete-trigger","getMatAutocompleteMissingPanelError":"./autocomplete-trigger","MatAutocompleteTrigger":"./autocomplete-trigger","MatAutocompleteOrigin":"./autocomplete-origin"},"importAs":"@angular/material/autocomplete"}