{"__symbolic":"module","version":4,"metadata":{"MatPaginatorModule":{"__symbolic":"class","decorators":[{"__symbolic":"call","expression":{"__symbolic":"reference","module":"@angular/core","name":"NgModule","line":17,"character":1},"arguments":[{"imports":[{"__symbolic":"reference","module":"@angular/common","name":"CommonModule","line":19,"character":4},{"__symbolic":"reference","module":"@angular/material/button","name":"MatButtonModule","line":20,"character":4},{"__symbolic":"reference","module":"@angular/material/select","name":"MatSelectModule","line":21,"character":4},{"__symbolic":"reference","module":"@angular/material/tooltip","name":"MatTooltipModule","line":22,"character":4}],"exports":[{"__symbolic":"reference","name":"MatPaginator"}],"declarations":[{"__symbolic":"reference","name":"MatPaginator"}],"providers":[{"__symbolic":"reference","name":"MAT_PAGINATOR_INTL_PROVIDER"}]}]}],"members":{}},"PageEvent":{"__symbolic":"class","members":{}},"MatPaginatorBase":{"__symbolic":"class","members":{}},"_MatPaginatorBase":{"__symbolic":"call","expression":{"__symbolic":"reference","module":"@angular/material/core","name":"mixinDisabled","line":60,"character":4},"arguments":[{"__symbolic":"call","expression":{"__symbolic":"reference","module":"@angular/material/core","name":"mixinInitialized","line":60,"character":18},"arguments":[{"__symbolic":"reference","name":"MatPaginatorBase"}]}]},"MatPaginator":{"__symbolic":"class","extends":{"__symbolic":"reference","name":"_MatPaginatorBase"},"decorators":[{"__symbolic":"call","expression":{"__symbolic":"reference","module":"@angular/core","name":"Component","line":67,"character":1},"arguments":[{"moduleId":{"__symbolic":"select","expression":{"__symbolic":"reference","name":"module"},"member":"id"},"selector":"mat-paginator","exportAs":"matPaginator","inputs":["disabled"],"host":{"class":"mat-paginator","$quoted$":["class"]},"changeDetection":{"__symbolic":"select","expression":{"__symbolic":"reference","module":"@angular/core","name":"ChangeDetectionStrategy","line":77,"character":19},"member":"OnPush"},"encapsulation":{"__symbolic":"select","expression":{"__symbolic":"reference","module":"@angular/core","name":"ViewEncapsulation","line":78,"character":17},"member":"None"},"template":"<div class=\"mat-paginator-outer-container\"><div class=\"mat-paginator-container\"><div class=\"mat-paginator-page-size\" *ngIf=\"!hidePageSize\"><div class=\"mat-paginator-page-size-label\">{{_intl.itemsPerPageLabel}}</div><mat-form-field *ngIf=\"_displayedPageSizeOptions.length > 1\" [color]=\"color\" class=\"mat-paginator-page-size-select\"><mat-select [value]=\"pageSize\" [disabled]=\"disabled\" [aria-label]=\"_intl.itemsPerPageLabel\" (selectionChange)=\"_changePageSize($event.value)\"><mat-option *ngFor=\"let pageSizeOption of _displayedPageSizeOptions\" [value]=\"pageSizeOption\">{{pageSizeOption}}</mat-option></mat-select></mat-form-field><div *ngIf=\"_displayedPageSizeOptions.length <= 1\">{{pageSize}}</div></div><div class=\"mat-paginator-range-actions\"><div class=\"mat-paginator-range-label\">{{_intl.getRangeLabel(pageIndex, pageSize, length)}}</div><button mat-icon-button type=\"button\" class=\"mat-paginator-navigation-first\" (click)=\"firstPage()\" [attr.aria-label]=\"_intl.firstPageLabel\" [matTooltip]=\"_intl.firstPageLabel\" [matTooltipDisabled]=\"_previousButtonsDisabled()\" [matTooltipPosition]=\"'above'\" [disabled]=\"_previousButtonsDisabled()\" *ngIf=\"showFirstLastButtons\"><svg class=\"mat-paginator-icon\" viewBox=\"0 0 24 24\" focusable=\"false\"><path d=\"M18.41 16.59L13.82 12l4.59-4.59L17 6l-6 6 6 6zM6 6h2v12H6z\"/></svg></button> <button mat-icon-button type=\"button\" class=\"mat-paginator-navigation-previous\" (click)=\"previousPage()\" [attr.aria-label]=\"_intl.previousPageLabel\" [matTooltip]=\"_intl.previousPageLabel\" [matTooltipDisabled]=\"_previousButtonsDisabled()\" [matTooltipPosition]=\"'above'\" [disabled]=\"_previousButtonsDisabled()\"><svg class=\"mat-paginator-icon\" viewBox=\"0 0 24 24\" focusable=\"false\"><path d=\"M15.41 7.41L14 6l-6 6 6 6 1.41-1.41L10.83 12z\"/></svg></button> <button mat-icon-button type=\"button\" class=\"mat-paginator-navigation-next\" (click)=\"nextPage()\" [attr.aria-label]=\"_intl.nextPageLabel\" [matTooltip]=\"_intl.nextPageLabel\" [matTooltipDisabled]=\"_nextButtonsDisabled()\" [matTooltipPosition]=\"'above'\" [disabled]=\"_nextButtonsDisabled()\"><svg class=\"mat-paginator-icon\" viewBox=\"0 0 24 24\" focusable=\"false\"><path d=\"M10 6L8.59 7.41 13.17 12l-4.58 4.59L10 18l6-6z\"/></svg></button> <button mat-icon-button type=\"button\" class=\"mat-paginator-navigation-last\" (click)=\"lastPage()\" [attr.aria-label]=\"_intl.lastPageLabel\" [matTooltip]=\"_intl.lastPageLabel\" [matTooltipDisabled]=\"_nextButtonsDisabled()\" [matTooltipPosition]=\"'above'\" [disabled]=\"_nextButtonsDisabled()\" *ngIf=\"showFirstLastButtons\"><svg class=\"mat-paginator-icon\" viewBox=\"0 0 24 24\" focusable=\"false\"><path d=\"M5.59 7.41L10.18 12l-4.59 4.59L7 18l6-6-6-6zM16 6h2v12h-2z\"/></svg></button></div></div></div>","styles":[".mat-paginator{display:block}.mat-paginator-outer-container{display:flex}.mat-paginator-container{display:flex;align-items:center;justify-content:flex-end;min-height:56px;padding:0 8px;flex-wrap:wrap-reverse;width:100%}.mat-paginator-page-size{display:flex;align-items:baseline;margin-right:8px}[dir=rtl] .mat-paginator-page-size{margin-right:0;margin-left:8px}.mat-paginator-page-size-label{margin:0 4px}.mat-paginator-page-size-select{margin:6px 4px 0 4px;width:56px}.mat-paginator-page-size-select.mat-form-field-appearance-outline{width:64px}.mat-paginator-page-size-select.mat-form-field-appearance-fill{width:64px}.mat-paginator-range-label{margin:0 32px 0 24px}.mat-paginator-range-actions{display:flex;align-items:center}.mat-paginator-icon{width:28px;fill:currentColor}[dir=rtl] .mat-paginator-icon{transform:rotate(180deg)}"]}]}],"members":{"color":[{"__symbolic":"property","decorators":[{"__symbolic":"call","expression":{"__symbolic":"reference","module":"@angular/core","name":"Input","line":86,"character":3}}]}],"pageIndex":[{"__symbolic":"property","decorators":[{"__symbolic":"call","expression":{"__symbolic":"reference","module":"@angular/core","name":"Input","line":89,"character":3}}]}],"length":[{"__symbolic":"property","decorators":[{"__symbolic":"call","expression":{"__symbolic":"reference","module":"@angular/core","name":"Input","line":98,"character":3}}]}],"pageSize":[{"__symbolic":"property","decorators":[{"__symbolic":"call","expression":{"__symbolic":"reference","module":"@angular/core","name":"Input","line":107,"character":3}}]}],"pageSizeOptions":[{"__symbolic":"property","decorators":[{"__symbolic":"call","expression":{"__symbolic":"reference","module":"@angular/core","name":"Input","line":116,"character":3}}]}],"hidePageSize":[{"__symbolic":"property","decorators":[{"__symbolic":"call","expression":{"__symbolic":"reference","module":"@angular/core","name":"Input","line":125,"character":3}}]}],"showFirstLastButtons":[{"__symbolic":"property","decorators":[{"__symbolic":"call","expression":{"__symbolic":"reference","module":"@angular/core","name":"Input","line":134,"character":3}}]}],"page":[{"__symbolic":"property","decorators":[{"__symbolic":"call","expression":{"__symbolic":"reference","module":"@angular/core","name":"Output","line":142,"character":3}}]}],"__ctor__":[{"__symbolic":"constructor","parameters":[{"__symbolic":"reference","name":"MatPaginatorIntl"},{"__symbolic":"reference","module":"@angular/core","name":"ChangeDetectorRef","line":148,"character":42}]}],"ngOnInit":[{"__symbolic":"method"}],"ngOnDestroy":[{"__symbolic":"method"}],"nextPage":[{"__symbolic":"method"}],"previousPage":[{"__symbolic":"method"}],"firstPage":[{"__symbolic":"method"}],"lastPage":[{"__symbolic":"method"}],"hasPreviousPage":[{"__symbolic":"method"}],"hasNextPage":[{"__symbolic":"method"}],"getNumberOfPages":[{"__symbolic":"method"}],"_changePageSize":[{"__symbolic":"method"}],"_nextButtonsDisabled":[{"__symbolic":"method"}],"_previousButtonsDisabled":[{"__symbolic":"method"}],"_updateDisplayedPageSizeOptions":[{"__symbolic":"method"}],"_emitPageEvent":[{"__symbolic":"method"}]}},"MatPaginatorIntl":{"__symbolic":"class","decorators":[{"__symbolic":"call","expression":{"__symbolic":"reference","module":"@angular/core","name":"Injectable","line":16,"character":1},"arguments":[{"providedIn":"root"}]}],"members":{},"statics":{"ngInjectableDef":{}}},"MAT_PAGINATOR_INTL_PROVIDER_FACTORY":{"__symbolic":"function","parameters":["parentIntl"],"value":{"__symbolic":"binop","operator":"||","left":{"__symbolic":"reference","name":"parentIntl"},"right":{"__symbolic":"new","expression":{"__symbolic":"reference","name":"MatPaginatorIntl"}}}},"MAT_PAGINATOR_INTL_PROVIDER":{"provide":{"__symbolic":"reference","name":"MatPaginatorIntl"},"deps":[[{"__symbolic":"new","expression":{"__symbolic":"reference","module":"@angular/core","name":"Optional","line":65,"character":14}},{"__symbolic":"new","expression":{"__symbolic":"reference","module":"@angular/core","name":"SkipSelf","line":65,"character":30}},{"__symbolic":"reference","name":"MatPaginatorIntl"}]],"useFactory":{"__symbolic":"reference","name":"MAT_PAGINATOR_INTL_PROVIDER_FACTORY"}}},"origins":{"MatPaginatorModule":"./paginator-module","PageEvent":"./paginator","MatPaginatorBase":"./paginator","_MatPaginatorBase":"./paginator","MatPaginator":"./paginator","MatPaginatorIntl":"./paginator-intl","MAT_PAGINATOR_INTL_PROVIDER_FACTORY":"./paginator-intl","MAT_PAGINATOR_INTL_PROVIDER":"./paginator-intl"},"importAs":"@angular/material/paginator"}