{"__symbolic":"module","version":4,"metadata":{"MAT_CHECKBOX_CONTROL_VALUE_ACCESSOR":{"provide":{"__symbolic":"reference","module":"@angular/forms","name":"NG_VALUE_ACCESSOR","line":57,"character":11},"useExisting":{"__symbolic":"reference","name":"MatCheckbox"},"multi":true},"TransitionCheckState":{"Init":0,"Checked":1,"Unchecked":2,"Indeterminate":3},"MatCheckboxChange":{"__symbolic":"class","members":{}},"MatCheckboxBase":{"__symbolic":"class","members":{"__ctor__":[{"__symbolic":"constructor","parameters":[{"__symbolic":"reference","name":"ElementRef","module":"@angular/core","arguments":[{"__symbolic":"error","message":"Could not resolve type","line":190,"character":37,"context":{"typeName":"HTMLElement"},"module":"./checkbox"}]}]}]}},"_MatCheckboxMixinBase":{"__symbolic":"call","expression":{"__symbolic":"reference","module":"@angular/material/core","name":"mixinTabIndex","line":96,"character":8},"arguments":[{"__symbolic":"call","expression":{"__symbolic":"reference","module":"@angular/material/core","name":"mixinColor","line":96,"character":22},"arguments":[{"__symbolic":"call","expression":{"__symbolic":"reference","module":"@angular/material/core","name":"mixinDisableRipple","line":96,"character":33},"arguments":[{"__symbolic":"call","expression":{"__symbolic":"reference","module":"@angular/material/core","name":"mixinDisabled","line":96,"character":52},"arguments":[{"__symbolic":"reference","name":"MatCheckboxBase"}]}]},"accent"]}]},"MatCheckbox":{"__symbolic":"class","extends":{"__symbolic":"reference","name":"_MatCheckboxMixinBase"},"decorators":[{"__symbolic":"call","expression":{"__symbolic":"reference","module":"@angular/core","name":"Component","line":107,"character":1},"arguments":[{"moduleId":{"__symbolic":"select","expression":{"__symbolic":"reference","name":"module"},"member":"id"},"selector":"mat-checkbox","exportAs":"matCheckbox","host":{"class":"mat-checkbox","[id]":"id","[attr.tabindex]":"null","[class.mat-checkbox-indeterminate]":"indeterminate","[class.mat-checkbox-checked]":"checked","[class.mat-checkbox-disabled]":"disabled","[class.mat-checkbox-label-before]":"labelPosition == \"before\"","[class._mat-animation-noopable]":"_animationMode === 'NoopAnimations'","$quoted$":["class","[id]","[attr.tabindex]","[class.mat-checkbox-indeterminate]","[class.mat-checkbox-checked]","[class.mat-checkbox-disabled]","[class.mat-checkbox-label-before]","[class._mat-animation-noopable]"]},"providers":[{"__symbolic":"reference","name":"MAT_CHECKBOX_CONTROL_VALUE_ACCESSOR"}],"inputs":["disableRipple","color","tabIndex"],"encapsulation":{"__symbolic":"select","expression":{"__symbolic":"reference","module":"@angular/core","name":"ViewEncapsulation","line":125,"character":17},"member":"None"},"changeDetection":{"__symbolic":"select","expression":{"__symbolic":"reference","module":"@angular/core","name":"ChangeDetectionStrategy","line":126,"character":19},"member":"OnPush"},"template":"<label [attr.for]=\"inputId\" class=\"mat-checkbox-layout\" #label><div class=\"mat-checkbox-inner-container\" [class.mat-checkbox-inner-container-no-side-margin]=\"!checkboxLabel.textContent || !checkboxLabel.textContent.trim()\"><input #input class=\"mat-checkbox-input cdk-visually-hidden\" type=\"checkbox\" [id]=\"inputId\" [required]=\"required\" [checked]=\"checked\" [attr.value]=\"value\" [disabled]=\"disabled\" [attr.name]=\"name\" [tabIndex]=\"tabIndex\" [indeterminate]=\"indeterminate\" [attr.aria-label]=\"ariaLabel || null\" [attr.aria-labelledby]=\"ariaLabelledby\" [attr.aria-checked]=\"_getAriaChecked()\" (change)=\"_onInteractionEvent($event)\" (click)=\"_onInputClick($event)\"><div matRipple class=\"mat-checkbox-ripple\" [matRippleTrigger]=\"label\" [matRippleDisabled]=\"_isRippleDisabled()\" [matRippleRadius]=\"20\" [matRippleCentered]=\"true\" [matRippleAnimation]=\"{enterDuration: 150}\"><div class=\"mat-ripple-element mat-checkbox-persistent-ripple\"></div></div><div class=\"mat-checkbox-frame\"></div><div class=\"mat-checkbox-background\"><svg version=\"1.1\" focusable=\"false\" class=\"mat-checkbox-checkmark\" viewBox=\"0 0 24 24\" xml:space=\"preserve\"><path class=\"mat-checkbox-checkmark-path\" fill=\"none\" stroke=\"white\" d=\"M4.1,12.7 9,17.6 20.3,6.3\"/></svg><div class=\"mat-checkbox-mixedmark\"></div></div></div><span class=\"mat-checkbox-label\" #checkboxLabel (cdkObserveContent)=\"_onLabelTextChange()\"><span style=\"display:none\">&nbsp;</span><ng-content></ng-content></span></label>","styles":["@keyframes mat-checkbox-fade-in-background{0%{opacity:0}50%{opacity:1}}@keyframes mat-checkbox-fade-out-background{0%,50%{opacity:1}100%{opacity:0}}@keyframes mat-checkbox-unchecked-checked-checkmark-path{0%,50%{stroke-dashoffset:22.91026}50%{animation-timing-function:cubic-bezier(0,0,.2,.1)}100%{stroke-dashoffset:0}}@keyframes mat-checkbox-unchecked-indeterminate-mixedmark{0%,68.2%{transform:scaleX(0)}68.2%{animation-timing-function:cubic-bezier(0,0,0,1)}100%{transform:scaleX(1)}}@keyframes mat-checkbox-checked-unchecked-checkmark-path{from{animation-timing-function:cubic-bezier(.4,0,1,1);stroke-dashoffset:0}to{stroke-dashoffset:-22.91026}}@keyframes mat-checkbox-checked-indeterminate-checkmark{from{animation-timing-function:cubic-bezier(0,0,.2,.1);opacity:1;transform:rotate(0)}to{opacity:0;transform:rotate(45deg)}}@keyframes mat-checkbox-indeterminate-checked-checkmark{from{animation-timing-function:cubic-bezier(.14,0,0,1);opacity:0;transform:rotate(45deg)}to{opacity:1;transform:rotate(360deg)}}@keyframes mat-checkbox-checked-indeterminate-mixedmark{from{animation-timing-function:cubic-bezier(0,0,.2,.1);opacity:0;transform:rotate(-45deg)}to{opacity:1;transform:rotate(0)}}@keyframes mat-checkbox-indeterminate-checked-mixedmark{from{animation-timing-function:cubic-bezier(.14,0,0,1);opacity:1;transform:rotate(0)}to{opacity:0;transform:rotate(315deg)}}@keyframes mat-checkbox-indeterminate-unchecked-mixedmark{0%{animation-timing-function:linear;opacity:1;transform:scaleX(1)}100%,32.8%{opacity:0;transform:scaleX(0)}}.mat-checkbox-background,.mat-checkbox-frame{top:0;left:0;right:0;bottom:0;position:absolute;border-radius:2px;box-sizing:border-box;pointer-events:none}.mat-checkbox{transition:background .4s cubic-bezier(.25,.8,.25,1),box-shadow 280ms cubic-bezier(.4,0,.2,1);cursor:pointer;-webkit-tap-highlight-color:transparent}._mat-animation-noopable.mat-checkbox{transition:none;animation:none}.mat-checkbox .mat-ripple-element:not(.mat-checkbox-persistent-ripple){opacity:.16}.mat-checkbox-layout{-webkit-user-select:none;-moz-user-select:none;-ms-user-select:none;user-select:none;cursor:inherit;align-items:baseline;vertical-align:middle;display:inline-flex;white-space:nowrap}.mat-checkbox-label{-webkit-user-select:auto;-moz-user-select:auto;-ms-user-select:auto;user-select:auto}.mat-checkbox-inner-container{display:inline-block;height:16px;line-height:0;margin:auto;margin-right:8px;order:0;position:relative;vertical-align:middle;white-space:nowrap;width:16px;flex-shrink:0}[dir=rtl] .mat-checkbox-inner-container{margin-left:8px;margin-right:auto}.mat-checkbox-inner-container-no-side-margin{margin-left:0;margin-right:0}.mat-checkbox-frame{background-color:transparent;transition:border-color 90ms cubic-bezier(0,0,.2,.1);border-width:2px;border-style:solid}._mat-animation-noopable .mat-checkbox-frame{transition:none}@media (-ms-high-contrast:active){.mat-checkbox.cdk-keyboard-focused .mat-checkbox-frame{border-style:dotted}}.mat-checkbox-background{align-items:center;display:inline-flex;justify-content:center;transition:background-color 90ms cubic-bezier(0,0,.2,.1),opacity 90ms cubic-bezier(0,0,.2,.1)}._mat-animation-noopable .mat-checkbox-background{transition:none}.mat-checkbox-persistent-ripple{width:100%;height:100%;transform:none}.mat-checkbox-inner-container:hover .mat-checkbox-persistent-ripple{opacity:.04}.mat-checkbox.cdk-keyboard-focused .mat-checkbox-persistent-ripple{opacity:.12}.mat-checkbox-persistent-ripple,.mat-checkbox.mat-disabled .mat-checkbox-inner-container:hover .mat-checkbox-persistent-ripple{opacity:0}.mat-checkbox-checkmark{top:0;left:0;right:0;bottom:0;position:absolute;width:100%}.mat-checkbox-checkmark-path{stroke-dashoffset:22.91026;stroke-dasharray:22.91026;stroke-width:2.13333px}.mat-checkbox-mixedmark{width:calc(100% - 6px);height:2px;opacity:0;transform:scaleX(0) rotate(0);border-radius:2px}@media (-ms-high-contrast:active){.mat-checkbox-mixedmark{height:0;border-top:solid 2px;margin-top:2px}}.mat-checkbox-label-before .mat-checkbox-inner-container{order:1;margin-left:8px;margin-right:auto}[dir=rtl] .mat-checkbox-label-before .mat-checkbox-inner-container{margin-left:auto;margin-right:8px}.mat-checkbox-checked .mat-checkbox-checkmark{opacity:1}.mat-checkbox-checked .mat-checkbox-checkmark-path{stroke-dashoffset:0}.mat-checkbox-checked .mat-checkbox-mixedmark{transform:scaleX(1) rotate(-45deg)}.mat-checkbox-indeterminate .mat-checkbox-checkmark{opacity:0;transform:rotate(45deg)}.mat-checkbox-indeterminate .mat-checkbox-checkmark-path{stroke-dashoffset:0}.mat-checkbox-indeterminate .mat-checkbox-mixedmark{opacity:1;transform:scaleX(1) rotate(0)}.mat-checkbox-unchecked .mat-checkbox-background{background-color:transparent}.mat-checkbox-disabled{cursor:default}.mat-checkbox-anim-unchecked-checked .mat-checkbox-background{animation:180ms linear 0s mat-checkbox-fade-in-background}.mat-checkbox-anim-unchecked-checked .mat-checkbox-checkmark-path{animation:180ms linear 0s mat-checkbox-unchecked-checked-checkmark-path}.mat-checkbox-anim-unchecked-indeterminate .mat-checkbox-background{animation:180ms linear 0s mat-checkbox-fade-in-background}.mat-checkbox-anim-unchecked-indeterminate .mat-checkbox-mixedmark{animation:90ms linear 0s mat-checkbox-unchecked-indeterminate-mixedmark}.mat-checkbox-anim-checked-unchecked .mat-checkbox-background{animation:180ms linear 0s mat-checkbox-fade-out-background}.mat-checkbox-anim-checked-unchecked .mat-checkbox-checkmark-path{animation:90ms linear 0s mat-checkbox-checked-unchecked-checkmark-path}.mat-checkbox-anim-checked-indeterminate .mat-checkbox-checkmark{animation:90ms linear 0s mat-checkbox-checked-indeterminate-checkmark}.mat-checkbox-anim-checked-indeterminate .mat-checkbox-mixedmark{animation:90ms linear 0s mat-checkbox-checked-indeterminate-mixedmark}.mat-checkbox-anim-indeterminate-checked .mat-checkbox-checkmark{animation:.5s linear 0s mat-checkbox-indeterminate-checked-checkmark}.mat-checkbox-anim-indeterminate-checked .mat-checkbox-mixedmark{animation:.5s linear 0s mat-checkbox-indeterminate-checked-mixedmark}.mat-checkbox-anim-indeterminate-unchecked .mat-checkbox-background{animation:180ms linear 0s mat-checkbox-fade-out-background}.mat-checkbox-anim-indeterminate-unchecked .mat-checkbox-mixedmark{animation:.3s linear 0s mat-checkbox-indeterminate-unchecked-mixedmark}.mat-checkbox-input{bottom:0;left:50%}.mat-checkbox .mat-checkbox-ripple{position:absolute;left:calc(50% - 20px);top:calc(50% - 20px);height:40px;width:40px;z-index:1;pointer-events:none}"]}]}],"members":{"ariaLabel":[{"__symbolic":"property","decorators":[{"__symbolic":"call","expression":{"__symbolic":"reference","module":"@angular/core","name":"Input","line":135,"character":3},"arguments":["aria-label"]}]}],"ariaLabelledby":[{"__symbolic":"property","decorators":[{"__symbolic":"call","expression":{"__symbolic":"reference","module":"@angular/core","name":"Input","line":140,"character":3},"arguments":["aria-labelledby"]}]}],"id":[{"__symbolic":"property","decorators":[{"__symbolic":"call","expression":{"__symbolic":"reference","module":"@angular/core","name":"Input","line":145,"character":3}}]}],"required":[{"__symbolic":"property","decorators":[{"__symbolic":"call","expression":{"__symbolic":"reference","module":"@angular/core","name":"Input","line":151,"character":3}}]}],"labelPosition":[{"__symbolic":"property","decorators":[{"__symbolic":"call","expression":{"__symbolic":"reference","module":"@angular/core","name":"Input","line":157,"character":3}}]}],"name":[{"__symbolic":"property","decorators":[{"__symbolic":"call","expression":{"__symbolic":"reference","module":"@angular/core","name":"Input","line":160,"character":3}}]}],"change":[{"__symbolic":"property","decorators":[{"__symbolic":"call","expression":{"__symbolic":"reference","module":"@angular/core","name":"Output","line":163,"character":3}}]}],"indeterminateChange":[{"__symbolic":"property","decorators":[{"__symbolic":"call","expression":{"__symbolic":"reference","module":"@angular/core","name":"Output","line":167,"character":3}}]}],"value":[{"__symbolic":"property","decorators":[{"__symbolic":"call","expression":{"__symbolic":"reference","module":"@angular/core","name":"Input","line":170,"character":3}}]}],"_inputElement":[{"__symbolic":"property","decorators":[{"__symbolic":"call","expression":{"__symbolic":"reference","module":"@angular/core","name":"ViewChild","line":173,"character":3},"arguments":["input"]}]}],"ripple":[{"__symbolic":"property","decorators":[{"__symbolic":"call","expression":{"__symbolic":"reference","module":"@angular/core","name":"ViewChild","line":176,"character":3},"arguments":[{"__symbolic":"reference","module":"@angular/material/core","name":"MatRipple","line":176,"character":13}]}]}],"__ctor__":[{"__symbolic":"constructor","parameterDecorators":[null,null,null,null,[{"__symbolic":"call","expression":{"__symbolic":"reference","module":"@angular/core","name":"Attribute","line":194,"character":15},"arguments":["tabindex"]}],[{"__symbolic":"call","expression":{"__symbolic":"reference","module":"@angular/core","name":"Optional","line":195,"character":15}},{"__symbolic":"call","expression":{"__symbolic":"reference","module":"@angular/core","name":"Inject","line":195,"character":27},"arguments":[{"__symbolic":"reference","name":"MAT_CHECKBOX_CLICK_ACTION"}]}],[{"__symbolic":"call","expression":{"__symbolic":"reference","module":"@angular/core","name":"Optional","line":197,"character":15}},{"__symbolic":"call","expression":{"__symbolic":"reference","module":"@angular/core","name":"Inject","line":197,"character":27},"arguments":[{"__symbolic":"reference","module":"@angular/platform-browser/animations","name":"ANIMATION_MODULE_TYPE","line":197,"character":34}]}]],"parameters":[{"__symbolic":"reference","name":"ElementRef","module":"@angular/core","arguments":[{"__symbolic":"error","message":"Could not resolve type","line":190,"character":37,"context":{"typeName":"HTMLElement"},"module":"./checkbox"}]},{"__symbolic":"reference","module":"@angular/core","name":"ChangeDetectorRef","line":191,"character":42},{"__symbolic":"reference","module":"@angular/cdk/a11y","name":"FocusMonitor","line":192,"character":37},{"__symbolic":"reference","module":"@angular/core","name":"NgZone","line":193,"character":31},{"__symbolic":"reference","name":"string"},{"__symbolic":"reference","name":"MatCheckboxClickAction"},{"__symbolic":"reference","name":"string"}]}],"ngAfterViewChecked":[{"__symbolic":"method"}],"ngOnDestroy":[{"__symbolic":"method"}],"checked":[{"__symbolic":"property","decorators":[{"__symbolic":"call","expression":{"__symbolic":"reference","module":"@angular/core","name":"Input","line":227,"character":3}}]}],"disabled":[{"__symbolic":"property","decorators":[{"__symbolic":"call","expression":{"__symbolic":"reference","module":"@angular/core","name":"Input","line":241,"character":3}}]}],"indeterminate":[{"__symbolic":"property","decorators":[{"__symbolic":"call","expression":{"__symbolic":"reference","module":"@angular/core","name":"Input","line":259,"character":3}}]}],"_isRippleDisabled":[{"__symbolic":"method"}],"_onLabelTextChange":[{"__symbolic":"method"}],"writeValue":[{"__symbolic":"method"}],"registerOnChange":[{"__symbolic":"method"}],"registerOnTouched":[{"__symbolic":"method"}],"setDisabledState":[{"__symbolic":"method"}],"_getAriaChecked":[{"__symbolic":"method"}],"_transitionCheckState":[{"__symbolic":"method"}],"_emitChangeEvent":[{"__symbolic":"method"}],"toggle":[{"__symbolic":"method"}],"_onInputClick":[{"__symbolic":"method"}],"focus":[{"__symbolic":"method"}],"_onInteractionEvent":[{"__symbolic":"method"}],"_getAnimationClassForCheckStateTransition":[{"__symbolic":"method"}]}},"MatCheckboxClickAction":{"__symbolic":"interface"},"MAT_CHECKBOX_CLICK_ACTION":{"__symbolic":"new","expression":{"__symbolic":"reference","module":"@angular/core","name":"InjectionToken","line":23,"character":8},"arguments":["mat-checkbox-click-action"]},"MatCheckboxModule":{"__symbolic":"class","decorators":[{"__symbolic":"call","expression":{"__symbolic":"reference","module":"@angular/core","name":"NgModule","line":16,"character":1},"arguments":[{"imports":[{"__symbolic":"reference","module":"@angular/common","name":"CommonModule","line":17,"character":12},{"__symbolic":"reference","module":"@angular/material/core","name":"MatRippleModule","line":17,"character":26},{"__symbolic":"reference","module":"@angular/material/core","name":"MatCommonModule","line":17,"character":43},{"__symbolic":"reference","module":"@angular/cdk/observers","name":"ObserversModule","line":17,"character":60}],"exports":[{"__symbolic":"reference","name":"MatCheckbox"},{"__symbolic":"reference","name":"MatCheckboxRequiredValidator"},{"__symbolic":"reference","module":"@angular/material/core","name":"MatCommonModule","line":18,"character":55}],"declarations":[{"__symbolic":"reference","name":"MatCheckbox"},{"__symbolic":"reference","name":"MatCheckboxRequiredValidator"}]}]}],"members":{}},"MAT_CHECKBOX_REQUIRED_VALIDATOR":{"provide":{"__symbolic":"reference","module":"@angular/forms","name":"NG_VALIDATORS","line":19,"character":11},"useExisting":{"__symbolic":"reference","name":"MatCheckboxRequiredValidator"},"multi":true},"MatCheckboxRequiredValidator":{"__symbolic":"class","extends":{"__symbolic":"reference","module":"@angular/forms","name":"CheckboxRequiredValidator","line":35,"character":50},"decorators":[{"__symbolic":"call","expression":{"__symbolic":"reference","module":"@angular/core","name":"Directive","line":29,"character":1},"arguments":[{"selector":"mat-checkbox[required][formControlName],\n             mat-checkbox[required][formControl], mat-checkbox[required][ngModel]","providers":[{"__symbolic":"reference","name":"MAT_CHECKBOX_REQUIRED_VALIDATOR"}],"host":{"[attr.required]":"required ? \"\" : null","$quoted$":["[attr.required]"]}}]}],"members":{}}},"origins":{"MAT_CHECKBOX_CONTROL_VALUE_ACCESSOR":"./checkbox","TransitionCheckState":"./checkbox","MatCheckboxChange":"./checkbox","MatCheckboxBase":"./checkbox","_MatCheckboxMixinBase":"./checkbox","MatCheckbox":"./checkbox","MatCheckboxClickAction":"./checkbox-config","MAT_CHECKBOX_CLICK_ACTION":"./checkbox-config","MatCheckboxModule":"./checkbox-module","MAT_CHECKBOX_REQUIRED_VALIDATOR":"./checkbox-required-validator","MatCheckboxRequiredValidator":"./checkbox-required-validator"},"importAs":"@angular/material/checkbox"}