{
  "__symbolic": "module",
  "version": 3,
  "metadata": {},
  "exports": [
    {
      "from": "./expansion"
    },
    {
      "from": "./core"
    },
    {
      "from": "./grid-list"
    },
    {
      "from": "./tree"
    },
    {
      "from": "./bottom-sheet"
    },
    {
      "from": "./button"
    },
    {
      "from": "./button-toggle"
    },
    {
      "from": "./card"
    },
    {
      "from": "./checkbox"
    },
    {
      "from": "./toolbar"
    },
    {
      "from": "./icon"
    },
    {
      "from": "./sort"
    },
    {
      "from": "./tabs"
    },
    {
      "from": "./slider"
    },
    {
      "from": "./dialog"
    },
    {
      "from": "./slide-toggle"
    },
    {
      "from": "./divider"
    },
    {
      "from": "./form-field"
    },
    {
      "from": "./badge"
    },
    {
      "from": "./sidenav"
    },
    {
      "from": "./menu"
    },
    {
      "from": "./radio"
    },
    {
      "from": "./tooltip"
    },
    {
      "from": "./progress-spinner"
    },
    {
      "from": "./progress-bar"
    },
    {
      "from": "./select"
    },
    {
      "from": "./list"
    },
    {
      "from": "./snack-bar"
    },
    {
      "from": "./stepper"
    },
    {
      "from": "./chips"
    },
    {
      "from": "./autocomplete"
    },
    {
      "from": "./paginator"
    },
    {
      "from": "./input"
    },
    {
      "from": "./datepicker"
    },
    {
      "from": "./table"
    },
    {
      "from": "./typings/index"
    }
  ],
  "flatModuleIndexRedirect": true,
  "importAs": "@angular/material"
}