{"__symbolic":"module","version":4,"metadata":{"MatGridListModule":{"__symbolic":"class","decorators":[{"__symbolic":"call","expression":{"__symbolic":"reference","module":"@angular/core","name":"NgModule","line":17,"character":1},"arguments":[{"imports":[{"__symbolic":"reference","module":"@angular/material/core","name":"MatLineModule","line":18,"character":12},{"__symbolic":"reference","module":"@angular/material/core","name":"MatCommonModule","line":18,"character":27}],"exports":[{"__symbolic":"reference","name":"MatGridList"},{"__symbolic":"reference","name":"MatGridTile"},{"__symbolic":"reference","name":"MatGridTileText"},{"__symbolic":"reference","module":"@angular/material/core","name":"MatLineModule","line":23,"character":4},{"__symbolic":"reference","module":"@angular/material/core","name":"MatCommonModule","line":24,"character":4},{"__symbolic":"reference","name":"MatGridTileHeaderCssMatStyler"},{"__symbolic":"reference","name":"MatGridTileFooterCssMatStyler"},{"__symbolic":"reference","name":"MatGridAvatarCssMatStyler"}],"declarations":[{"__symbolic":"reference","name":"MatGridList"},{"__symbolic":"reference","name":"MatGridTile"},{"__symbolic":"reference","name":"MatGridTileText"},{"__symbolic":"reference","name":"MatGridTileHeaderCssMatStyler"},{"__symbolic":"reference","name":"MatGridTileFooterCssMatStyler"},{"__symbolic":"reference","name":"MatGridAvatarCssMatStyler"}]}]}],"members":{}},"MatGridList":{"__symbolic":"class","decorators":[{"__symbolic":"call","expression":{"__symbolic":"reference","module":"@angular/core","name":"Component","line":34,"character":1},"arguments":[{"moduleId":{"__symbolic":"select","expression":{"__symbolic":"reference","name":"module"},"member":"id"},"selector":"mat-grid-list","exportAs":"matGridList","host":{"class":"mat-grid-list","$quoted$":["class"]},"providers":[{"provide":{"__symbolic":"reference","name":"ɵa8"},"useExisting":{"__symbolic":"reference","name":"MatGridList"}}],"changeDetection":{"__symbolic":"select","expression":{"__symbolic":"reference","module":"@angular/core","name":"ChangeDetectionStrategy","line":47,"character":19},"member":"OnPush"},"encapsulation":{"__symbolic":"select","expression":{"__symbolic":"reference","module":"@angular/core","name":"ViewEncapsulation","line":48,"character":17},"member":"None"},"template":"<div><ng-content></ng-content></div>","styles":[".mat-grid-list{display:block;position:relative}.mat-grid-tile{display:block;position:absolute;overflow:hidden}.mat-grid-tile .mat-figure{top:0;left:0;right:0;bottom:0;position:absolute;display:flex;align-items:center;justify-content:center;height:100%;padding:0;margin:0}.mat-grid-tile .mat-grid-tile-footer,.mat-grid-tile .mat-grid-tile-header{display:flex;align-items:center;height:48px;color:#fff;background:rgba(0,0,0,.38);overflow:hidden;padding:0 16px;position:absolute;left:0;right:0}.mat-grid-tile .mat-grid-tile-footer>*,.mat-grid-tile .mat-grid-tile-header>*{margin:0;padding:0;font-weight:400;font-size:inherit}.mat-grid-tile .mat-grid-tile-footer.mat-2-line,.mat-grid-tile .mat-grid-tile-header.mat-2-line{height:68px}.mat-grid-tile .mat-grid-list-text{display:flex;flex-direction:column;width:100%;box-sizing:border-box;overflow:hidden}.mat-grid-tile .mat-grid-list-text>*{margin:0;padding:0;font-weight:400;font-size:inherit}.mat-grid-tile .mat-grid-list-text:empty{display:none}.mat-grid-tile .mat-grid-tile-header{top:0}.mat-grid-tile .mat-grid-tile-footer{bottom:0}.mat-grid-tile .mat-grid-avatar{padding-right:16px}[dir=rtl] .mat-grid-tile .mat-grid-avatar{padding-right:0;padding-left:16px}.mat-grid-tile .mat-grid-avatar:empty{display:none}"]}]}],"members":{"_tiles":[{"__symbolic":"property","decorators":[{"__symbolic":"call","expression":{"__symbolic":"reference","module":"@angular/core","name":"ContentChildren","line":72,"character":3},"arguments":[{"__symbolic":"reference","name":"MatGridTile"},{"descendants":true}]}]}],"__ctor__":[{"__symbolic":"constructor","parameterDecorators":[null,[{"__symbolic":"call","expression":{"__symbolic":"reference","module":"@angular/core","name":"Optional","line":75,"character":15}}]],"parameters":[{"__symbolic":"reference","name":"ElementRef","module":"@angular/core","arguments":[{"__symbolic":"error","message":"Could not resolve type","line":74,"character":43,"context":{"typeName":"HTMLElement"},"module":"./grid-list"}]},{"__symbolic":"reference","module":"@angular/cdk/bidi","name":"Directionality","line":75,"character":40}]}],"cols":[{"__symbolic":"property","decorators":[{"__symbolic":"call","expression":{"__symbolic":"reference","module":"@angular/core","name":"Input","line":78,"character":3}}]}],"gutterSize":[{"__symbolic":"property","decorators":[{"__symbolic":"call","expression":{"__symbolic":"reference","module":"@angular/core","name":"Input","line":85,"character":3}}]}],"rowHeight":[{"__symbolic":"property","decorators":[{"__symbolic":"call","expression":{"__symbolic":"reference","module":"@angular/core","name":"Input","line":90,"character":3}}]}],"ngOnInit":[{"__symbolic":"method"}],"ngAfterContentChecked":[{"__symbolic":"method"}],"_checkCols":[{"__symbolic":"method"}],"_checkRowHeight":[{"__symbolic":"method"}],"_setTileStyler":[{"__symbolic":"method"}],"_layoutTiles":[{"__symbolic":"method"}],"_setListStyle":[{"__symbolic":"method"}]}},"MatGridTile":{"__symbolic":"class","decorators":[{"__symbolic":"call","expression":{"__symbolic":"reference","module":"@angular/core","name":"Component","line":25,"character":1},"arguments":[{"moduleId":{"__symbolic":"select","expression":{"__symbolic":"reference","name":"module"},"member":"id"},"selector":"mat-grid-tile","exportAs":"matGridTile","host":{"class":"mat-grid-tile","$quoted$":["class"]},"encapsulation":{"__symbolic":"select","expression":{"__symbolic":"reference","module":"@angular/core","name":"ViewEncapsulation","line":34,"character":17},"member":"None"},"changeDetection":{"__symbolic":"select","expression":{"__symbolic":"reference","module":"@angular/core","name":"ChangeDetectionStrategy","line":35,"character":19},"member":"OnPush"},"template":"<figure class=\"mat-figure\"><ng-content></ng-content></figure>","styles":[".mat-grid-list{display:block;position:relative}.mat-grid-tile{display:block;position:absolute;overflow:hidden}.mat-grid-tile .mat-figure{top:0;left:0;right:0;bottom:0;position:absolute;display:flex;align-items:center;justify-content:center;height:100%;padding:0;margin:0}.mat-grid-tile .mat-grid-tile-footer,.mat-grid-tile .mat-grid-tile-header{display:flex;align-items:center;height:48px;color:#fff;background:rgba(0,0,0,.38);overflow:hidden;padding:0 16px;position:absolute;left:0;right:0}.mat-grid-tile .mat-grid-tile-footer>*,.mat-grid-tile .mat-grid-tile-header>*{margin:0;padding:0;font-weight:400;font-size:inherit}.mat-grid-tile .mat-grid-tile-footer.mat-2-line,.mat-grid-tile .mat-grid-tile-header.mat-2-line{height:68px}.mat-grid-tile .mat-grid-list-text{display:flex;flex-direction:column;width:100%;box-sizing:border-box;overflow:hidden}.mat-grid-tile .mat-grid-list-text>*{margin:0;padding:0;font-weight:400;font-size:inherit}.mat-grid-tile .mat-grid-list-text:empty{display:none}.mat-grid-tile .mat-grid-tile-header{top:0}.mat-grid-tile .mat-grid-tile-footer{bottom:0}.mat-grid-tile .mat-grid-avatar{padding-right:16px}[dir=rtl] .mat-grid-tile .mat-grid-avatar{padding-right:0;padding-left:16px}.mat-grid-tile .mat-grid-avatar:empty{display:none}"]}]}],"members":{"__ctor__":[{"__symbolic":"constructor","parameterDecorators":[null,[{"__symbolic":"call","expression":{"__symbolic":"reference","module":"@angular/core","name":"Optional","line":43,"character":5}},{"__symbolic":"call","expression":{"__symbolic":"reference","module":"@angular/core","name":"Inject","line":43,"character":17},"arguments":[{"__symbolic":"reference","name":"ɵa8"}]}]],"parameters":[{"__symbolic":"reference","name":"ElementRef","module":"@angular/core","arguments":[{"__symbolic":"error","message":"Could not resolve type","line":74,"character":43,"context":{"typeName":"HTMLElement"},"module":"./grid-tile"}]},{"__symbolic":"reference","name":"ɵb8"}]}],"rowspan":[{"__symbolic":"property","decorators":[{"__symbolic":"call","expression":{"__symbolic":"reference","module":"@angular/core","name":"Input","line":46,"character":3}}]}],"colspan":[{"__symbolic":"property","decorators":[{"__symbolic":"call","expression":{"__symbolic":"reference","module":"@angular/core","name":"Input","line":51,"character":3}}]}],"_setStyle":[{"__symbolic":"method"}]}},"MatGridTileText":{"__symbolic":"class","decorators":[{"__symbolic":"call","expression":{"__symbolic":"reference","module":"@angular/core","name":"Component","line":64,"character":1},"arguments":[{"moduleId":{"__symbolic":"select","expression":{"__symbolic":"reference","name":"module"},"member":"id"},"selector":"mat-grid-tile-header, mat-grid-tile-footer","changeDetection":{"__symbolic":"select","expression":{"__symbolic":"reference","module":"@angular/core","name":"ChangeDetectionStrategy","line":68,"character":19},"member":"OnPush"},"encapsulation":{"__symbolic":"select","expression":{"__symbolic":"reference","module":"@angular/core","name":"ViewEncapsulation","line":69,"character":17},"member":"None"},"template":"<ng-content select=\"[mat-grid-avatar], [matGridAvatar]\"></ng-content><div class=\"mat-grid-list-text\"><ng-content select=\"[mat-line], [matLine]\"></ng-content></div><ng-content></ng-content>"}]}],"members":{"_lines":[{"__symbolic":"property","decorators":[{"__symbolic":"call","expression":{"__symbolic":"reference","module":"@angular/core","name":"ContentChildren","line":72,"character":3},"arguments":[{"__symbolic":"reference","module":"@angular/material/core","name":"MatLine","line":72,"character":19}]}]}],"__ctor__":[{"__symbolic":"constructor","parameters":[{"__symbolic":"reference","name":"ElementRef","module":"@angular/core","arguments":[{"__symbolic":"error","message":"Could not resolve type","line":74,"character":43,"context":{"typeName":"HTMLElement"},"module":"./grid-tile"}]}]}],"ngAfterContentInit":[{"__symbolic":"method"}]}},"MatGridAvatarCssMatStyler":{"__symbolic":"class","decorators":[{"__symbolic":"call","expression":{"__symbolic":"reference","module":"@angular/core","name":"Directive","line":85,"character":1},"arguments":[{"selector":"[mat-grid-avatar], [matGridAvatar]","host":{"class":"mat-grid-avatar","$quoted$":["class"]}}]}],"members":{}},"MatGridTileHeaderCssMatStyler":{"__symbolic":"class","decorators":[{"__symbolic":"call","expression":{"__symbolic":"reference","module":"@angular/core","name":"Directive","line":95,"character":1},"arguments":[{"selector":"mat-grid-tile-header","host":{"class":"mat-grid-tile-header","$quoted$":["class"]}}]}],"members":{}},"MatGridTileFooterCssMatStyler":{"__symbolic":"class","decorators":[{"__symbolic":"call","expression":{"__symbolic":"reference","module":"@angular/core","name":"Directive","line":105,"character":1},"arguments":[{"selector":"mat-grid-tile-footer","host":{"class":"mat-grid-tile-footer","$quoted$":["class"]}}]}],"members":{}},"ɵa8":{"__symbolic":"new","expression":{"__symbolic":"reference","module":"@angular/core","name":"InjectionToken","line":14,"character":33},"arguments":["MAT_GRID_LIST"]},"ɵb8":{"__symbolic":"interface"}},"origins":{"MatGridListModule":"./grid-list-module","MatGridList":"./grid-list","MatGridTile":"./grid-tile","MatGridTileText":"./grid-tile","MatGridAvatarCssMatStyler":"./grid-tile","MatGridTileHeaderCssMatStyler":"./grid-tile","MatGridTileFooterCssMatStyler":"./grid-tile","ɵa8":"./grid-list-base","ɵb8":"./grid-list-base"},"importAs":"@angular/material/grid-list"}