{"__symbolic":"module","version":4,"metadata":{"MatCardContent":{"__symbolic":"class","decorators":[{"__symbolic":"call","expression":{"__symbolic":"reference","module":"@angular/core","name":"Directive","line":21,"character":1},"arguments":[{"selector":"mat-card-content","host":{"class":"mat-card-content","$quoted$":["class"]}}]}],"members":{}},"MatCardTitle":{"__symbolic":"class","decorators":[{"__symbolic":"call","expression":{"__symbolic":"reference","module":"@angular/core","name":"Directive","line":31,"character":1},"arguments":[{"selector":"mat-card-title, [mat-card-title], [matCardTitle]","host":{"class":"mat-card-title","$quoted$":["class"]}}]}],"members":{}},"MatCardSubtitle":{"__symbolic":"class","decorators":[{"__symbolic":"call","expression":{"__symbolic":"reference","module":"@angular/core","name":"Directive","line":43,"character":1},"arguments":[{"selector":"mat-card-subtitle, [mat-card-subtitle], [matCardSubtitle]","host":{"class":"mat-card-subtitle","$quoted$":["class"]}}]}],"members":{}},"MatCardActions":{"__symbolic":"class","decorators":[{"__symbolic":"call","expression":{"__symbolic":"reference","module":"@angular/core","name":"Directive","line":55,"character":1},"arguments":[{"selector":"mat-card-actions","exportAs":"matCardActions","host":{"class":"mat-card-actions","[class.mat-card-actions-align-end]":"align === \"end\"","$quoted$":["class","[class.mat-card-actions-align-end]"]}}]}],"members":{"align":[{"__symbolic":"property","decorators":[{"__symbolic":"call","expression":{"__symbolic":"reference","module":"@angular/core","name":"Input","line":65,"character":3}}]}]}},"MatCardFooter":{"__symbolic":"class","decorators":[{"__symbolic":"call","expression":{"__symbolic":"reference","module":"@angular/core","name":"Directive","line":72,"character":1},"arguments":[{"selector":"mat-card-footer","host":{"class":"mat-card-footer","$quoted$":["class"]}}]}],"members":{}},"MatCardImage":{"__symbolic":"class","decorators":[{"__symbolic":"call","expression":{"__symbolic":"reference","module":"@angular/core","name":"Directive","line":82,"character":1},"arguments":[{"selector":"[mat-card-image], [matCardImage]","host":{"class":"mat-card-image","$quoted$":["class"]}}]}],"members":{}},"MatCardSmImage":{"__symbolic":"class","decorators":[{"__symbolic":"call","expression":{"__symbolic":"reference","module":"@angular/core","name":"Directive","line":92,"character":1},"arguments":[{"selector":"[mat-card-sm-image], [matCardImageSmall]","host":{"class":"mat-card-sm-image","$quoted$":["class"]}}]}],"members":{}},"MatCardMdImage":{"__symbolic":"class","decorators":[{"__symbolic":"call","expression":{"__symbolic":"reference","module":"@angular/core","name":"Directive","line":102,"character":1},"arguments":[{"selector":"[mat-card-md-image], [matCardImageMedium]","host":{"class":"mat-card-md-image","$quoted$":["class"]}}]}],"members":{}},"MatCardLgImage":{"__symbolic":"class","decorators":[{"__symbolic":"call","expression":{"__symbolic":"reference","module":"@angular/core","name":"Directive","line":112,"character":1},"arguments":[{"selector":"[mat-card-lg-image], [matCardImageLarge]","host":{"class":"mat-card-lg-image","$quoted$":["class"]}}]}],"members":{}},"MatCardXlImage":{"__symbolic":"class","decorators":[{"__symbolic":"call","expression":{"__symbolic":"reference","module":"@angular/core","name":"Directive","line":122,"character":1},"arguments":[{"selector":"[mat-card-xl-image], [matCardImageXLarge]","host":{"class":"mat-card-xl-image","$quoted$":["class"]}}]}],"members":{}},"MatCardAvatar":{"__symbolic":"class","decorators":[{"__symbolic":"call","expression":{"__symbolic":"reference","module":"@angular/core","name":"Directive","line":132,"character":1},"arguments":[{"selector":"[mat-card-avatar], [matCardAvatar]","host":{"class":"mat-card-avatar","$quoted$":["class"]}}]}],"members":{}},"MatCard":{"__symbolic":"class","decorators":[{"__symbolic":"call","expression":{"__symbolic":"reference","module":"@angular/core","name":"Component","line":150,"character":1},"arguments":[{"moduleId":{"__symbolic":"select","expression":{"__symbolic":"reference","name":"module"},"member":"id"},"selector":"mat-card","exportAs":"matCard","encapsulation":{"__symbolic":"select","expression":{"__symbolic":"reference","module":"@angular/core","name":"ViewEncapsulation","line":156,"character":17},"member":"None"},"changeDetection":{"__symbolic":"select","expression":{"__symbolic":"reference","module":"@angular/core","name":"ChangeDetectionStrategy","line":157,"character":19},"member":"OnPush"},"host":{"class":"mat-card","$quoted$":["class"]},"template":"<ng-content></ng-content><ng-content select=\"mat-card-footer\"></ng-content>","styles":[".mat-card{transition:box-shadow 280ms cubic-bezier(.4,0,.2,1);display:block;position:relative;padding:16px;border-radius:4px}.mat-card .mat-divider-horizontal{position:absolute;left:0;width:100%}[dir=rtl] .mat-card .mat-divider-horizontal{left:auto;right:0}.mat-card .mat-divider-horizontal.mat-divider-inset{position:static;margin:0}[dir=rtl] .mat-card .mat-divider-horizontal.mat-divider-inset{margin-right:0}@media (-ms-high-contrast:active){.mat-card{outline:solid 1px}}.mat-card-actions,.mat-card-content,.mat-card-subtitle{display:block;margin-bottom:16px}.mat-card-title{display:block;margin-bottom:8px}.mat-card-actions{margin-left:-8px;margin-right:-8px;padding:8px 0}.mat-card-actions-align-end{display:flex;justify-content:flex-end}.mat-card-image{width:calc(100% + 32px);margin:0 -16px 16px -16px}.mat-card-footer{display:block;margin:0 -16px -16px -16px}.mat-card-actions .mat-button,.mat-card-actions .mat-raised-button{margin:0 8px}.mat-card-header{display:flex;flex-direction:row}.mat-card-header .mat-card-title{margin-bottom:12px}.mat-card-header-text{margin:0 16px}.mat-card-avatar{height:40px;width:40px;border-radius:50%;flex-shrink:0;object-fit:cover}.mat-card-title-group{display:flex;justify-content:space-between}.mat-card-sm-image{width:80px;height:80px}.mat-card-md-image{width:112px;height:112px}.mat-card-lg-image{width:152px;height:152px}.mat-card-xl-image{width:240px;height:240px;margin:-8px}.mat-card-title-group>.mat-card-xl-image{margin:-8px 0 8px 0}@media (max-width:599px){.mat-card-title-group{margin:0}.mat-card-xl-image{margin-left:0;margin-right:0}}.mat-card-content>:first-child,.mat-card>:first-child{margin-top:0}.mat-card-content>:last-child:not(.mat-card-footer),.mat-card>:last-child:not(.mat-card-footer){margin-bottom:0}.mat-card-image:first-child{margin-top:-16px;border-top-left-radius:inherit;border-top-right-radius:inherit}.mat-card>.mat-card-actions:last-child{margin-bottom:-8px;padding-bottom:0}.mat-card-actions .mat-button:first-child,.mat-card-actions .mat-raised-button:first-child{margin-left:0;margin-right:0}.mat-card-subtitle:not(:first-child),.mat-card-title:not(:first-child){margin-top:-4px}.mat-card-header .mat-card-subtitle:not(:first-child){margin-top:-8px}.mat-card>.mat-card-xl-image:first-child{margin-top:-8px}.mat-card>.mat-card-xl-image:last-child{margin-bottom:-8px}"]}]}],"members":{}},"MatCardHeader":{"__symbolic":"class","decorators":[{"__symbolic":"call","expression":{"__symbolic":"reference","module":"@angular/core","name":"Component","line":168,"character":1},"arguments":[{"moduleId":{"__symbolic":"select","expression":{"__symbolic":"reference","name":"module"},"member":"id"},"selector":"mat-card-header","encapsulation":{"__symbolic":"select","expression":{"__symbolic":"reference","module":"@angular/core","name":"ViewEncapsulation","line":172,"character":17},"member":"None"},"changeDetection":{"__symbolic":"select","expression":{"__symbolic":"reference","module":"@angular/core","name":"ChangeDetectionStrategy","line":173,"character":19},"member":"OnPush"},"host":{"class":"mat-card-header","$quoted$":["class"]},"template":"<ng-content select=\"[mat-card-avatar], [matCardAvatar]\"></ng-content><div class=\"mat-card-header-text\"><ng-content select=\"mat-card-title, mat-card-subtitle,\n      [mat-card-title], [mat-card-subtitle],\n      [matCardTitle], [matCardSubtitle]\"></ng-content></div><ng-content></ng-content>"}]}],"members":{}},"MatCardTitleGroup":{"__symbolic":"class","decorators":[{"__symbolic":"call","expression":{"__symbolic":"reference","module":"@angular/core","name":"Component","line":184,"character":1},"arguments":[{"moduleId":{"__symbolic":"select","expression":{"__symbolic":"reference","name":"module"},"member":"id"},"selector":"mat-card-title-group","encapsulation":{"__symbolic":"select","expression":{"__symbolic":"reference","module":"@angular/core","name":"ViewEncapsulation","line":188,"character":17},"member":"None"},"changeDetection":{"__symbolic":"select","expression":{"__symbolic":"reference","module":"@angular/core","name":"ChangeDetectionStrategy","line":189,"character":19},"member":"OnPush"},"host":{"class":"mat-card-title-group","$quoted$":["class"]},"template":"<div><ng-content select=\"mat-card-title, mat-card-subtitle,\n      [mat-card-title], [mat-card-subtitle],\n      [matCardTitle], [matCardSubtitle]\"></ng-content></div><ng-content select=\"img\"></ng-content><ng-content></ng-content>"}]}],"members":{}},"MatCardModule":{"__symbolic":"class","decorators":[{"__symbolic":"call","expression":{"__symbolic":"reference","module":"@angular/core","name":"NgModule","line":28,"character":1},"arguments":[{"imports":[{"__symbolic":"reference","module":"@angular/material/core","name":"MatCommonModule","line":29,"character":12}],"exports":[{"__symbolic":"reference","name":"MatCard"},{"__symbolic":"reference","name":"MatCardHeader"},{"__symbolic":"reference","name":"MatCardTitleGroup"},{"__symbolic":"reference","name":"MatCardContent"},{"__symbolic":"reference","name":"MatCardTitle"},{"__symbolic":"reference","name":"MatCardSubtitle"},{"__symbolic":"reference","name":"MatCardActions"},{"__symbolic":"reference","name":"MatCardFooter"},{"__symbolic":"reference","name":"MatCardSmImage"},{"__symbolic":"reference","name":"MatCardMdImage"},{"__symbolic":"reference","name":"MatCardLgImage"},{"__symbolic":"reference","name":"MatCardImage"},{"__symbolic":"reference","name":"MatCardXlImage"},{"__symbolic":"reference","name":"MatCardAvatar"},{"__symbolic":"reference","module":"@angular/material/core","name":"MatCommonModule","line":45,"character":4}],"declarations":[{"__symbolic":"reference","name":"MatCard"},{"__symbolic":"reference","name":"MatCardHeader"},{"__symbolic":"reference","name":"MatCardTitleGroup"},{"__symbolic":"reference","name":"MatCardContent"},{"__symbolic":"reference","name":"MatCardTitle"},{"__symbolic":"reference","name":"MatCardSubtitle"},{"__symbolic":"reference","name":"MatCardActions"},{"__symbolic":"reference","name":"MatCardFooter"},{"__symbolic":"reference","name":"MatCardSmImage"},{"__symbolic":"reference","name":"MatCardMdImage"},{"__symbolic":"reference","name":"MatCardLgImage"},{"__symbolic":"reference","name":"MatCardImage"},{"__symbolic":"reference","name":"MatCardXlImage"},{"__symbolic":"reference","name":"MatCardAvatar"}]}]}],"members":{}}},"origins":{"MatCardContent":"./card","MatCardTitle":"./card","MatCardSubtitle":"./card","MatCardActions":"./card","MatCardFooter":"./card","MatCardImage":"./card","MatCardSmImage":"./card","MatCardMdImage":"./card","MatCardLgImage":"./card","MatCardXlImage":"./card","MatCardAvatar":"./card","MatCard":"./card","MatCardHeader":"./card","MatCardTitleGroup":"./card","MatCardModule":"./card-module"},"importAs":"@angular/material/card"}