{"__symbolic":"module","version":4,"metadata":{"MatButtonModule":{"__symbolic":"class","decorators":[{"__symbolic":"call","expression":{"__symbolic":"reference","module":"@angular/core","name":"NgModule","line":14,"character":1},"arguments":[{"imports":[{"__symbolic":"reference","module":"@angular/common","name":"CommonModule","line":16,"character":4},{"__symbolic":"reference","module":"@angular/material/core","name":"MatRippleModule","line":17,"character":4},{"__symbolic":"reference","module":"@angular/material/core","name":"MatCommonModule","line":18,"character":4}],"exports":[{"__symbolic":"reference","name":"MatButton"},{"__symbolic":"reference","name":"MatAnchor"},{"__symbolic":"reference","module":"@angular/material/core","name":"MatCommonModule","line":23,"character":4}],"declarations":[{"__symbolic":"reference","name":"MatButton"},{"__symbolic":"reference","name":"MatAnchor"}]}]}],"members":{}},"MatButtonBase":{"__symbolic":"class","members":{"__ctor__":[{"__symbolic":"constructor","parameters":[{"__symbolic":"reference","module":"@angular/core","name":"ElementRef","line":55,"character":34}]}]}},"_MatButtonMixinBase":{"__symbolic":"call","expression":{"__symbolic":"reference","module":"@angular/material/core","name":"mixinColor","line":60,"character":8},"arguments":[{"__symbolic":"call","expression":{"__symbolic":"reference","module":"@angular/material/core","name":"mixinDisabled","line":60,"character":19},"arguments":[{"__symbolic":"call","expression":{"__symbolic":"reference","module":"@angular/material/core","name":"mixinDisableRipple","line":60,"character":33},"arguments":[{"__symbolic":"reference","name":"MatButtonBase"}]}]}]},"MatButton":{"__symbolic":"class","extends":{"__symbolic":"reference","name":"_MatButtonMixinBase"},"decorators":[{"__symbolic":"call","expression":{"__symbolic":"reference","module":"@angular/core","name":"Component","line":65,"character":1},"arguments":[{"moduleId":{"__symbolic":"select","expression":{"__symbolic":"reference","name":"module"},"member":"id"},"selector":"button[mat-button], button[mat-raised-button], button[mat-icon-button],\n             button[mat-fab], button[mat-mini-fab], button[mat-stroked-button],\n             button[mat-flat-button]","exportAs":"matButton","host":{"[disabled]":"disabled || null","[class._mat-animation-noopable]":"_animationMode === \"NoopAnimations\"","$quoted$":["[disabled]","[class._mat-animation-noopable]"]},"inputs":["disabled","disableRipple","color"],"encapsulation":{"__symbolic":"select","expression":{"__symbolic":"reference","module":"@angular/core","name":"ViewEncapsulation","line":78,"character":17},"member":"None"},"changeDetection":{"__symbolic":"select","expression":{"__symbolic":"reference","module":"@angular/core","name":"ChangeDetectionStrategy","line":79,"character":19},"member":"OnPush"},"template":"<span class=\"mat-button-wrapper\"><ng-content></ng-content></span><div matRipple class=\"mat-button-ripple\" [class.mat-button-ripple-round]=\"isRoundButton || isIconButton\" [matRippleDisabled]=\"_isRippleDisabled()\" [matRippleCentered]=\"isIconButton\" [matRippleTrigger]=\"_getHostElement()\"></div><div class=\"mat-button-focus-overlay\"></div>","styles":[".mat-button .mat-button-focus-overlay,.mat-icon-button .mat-button-focus-overlay{opacity:0}.mat-button:hover .mat-button-focus-overlay,.mat-stroked-button:hover .mat-button-focus-overlay{opacity:.04}@media (hover:none){.mat-button:hover .mat-button-focus-overlay,.mat-stroked-button:hover .mat-button-focus-overlay{opacity:0}}.mat-button,.mat-flat-button,.mat-icon-button,.mat-stroked-button{box-sizing:border-box;position:relative;-webkit-user-select:none;-moz-user-select:none;-ms-user-select:none;user-select:none;cursor:pointer;outline:0;border:none;-webkit-tap-highlight-color:transparent;display:inline-block;white-space:nowrap;text-decoration:none;vertical-align:baseline;text-align:center;margin:0;min-width:64px;line-height:36px;padding:0 16px;border-radius:4px;overflow:visible}.mat-button::-moz-focus-inner,.mat-flat-button::-moz-focus-inner,.mat-icon-button::-moz-focus-inner,.mat-stroked-button::-moz-focus-inner{border:0}.mat-button[disabled],.mat-flat-button[disabled],.mat-icon-button[disabled],.mat-stroked-button[disabled]{cursor:default}.mat-button.cdk-keyboard-focused .mat-button-focus-overlay,.mat-button.cdk-program-focused .mat-button-focus-overlay,.mat-flat-button.cdk-keyboard-focused .mat-button-focus-overlay,.mat-flat-button.cdk-program-focused .mat-button-focus-overlay,.mat-icon-button.cdk-keyboard-focused .mat-button-focus-overlay,.mat-icon-button.cdk-program-focused .mat-button-focus-overlay,.mat-stroked-button.cdk-keyboard-focused .mat-button-focus-overlay,.mat-stroked-button.cdk-program-focused .mat-button-focus-overlay{opacity:.12}.mat-button::-moz-focus-inner,.mat-flat-button::-moz-focus-inner,.mat-icon-button::-moz-focus-inner,.mat-stroked-button::-moz-focus-inner{border:0}.mat-raised-button{box-sizing:border-box;position:relative;-webkit-user-select:none;-moz-user-select:none;-ms-user-select:none;user-select:none;cursor:pointer;outline:0;border:none;-webkit-tap-highlight-color:transparent;display:inline-block;white-space:nowrap;text-decoration:none;vertical-align:baseline;text-align:center;margin:0;min-width:64px;line-height:36px;padding:0 16px;border-radius:4px;overflow:visible;transform:translate3d(0,0,0);transition:background .4s cubic-bezier(.25,.8,.25,1),box-shadow 280ms cubic-bezier(.4,0,.2,1)}.mat-raised-button::-moz-focus-inner{border:0}.mat-raised-button[disabled]{cursor:default}.mat-raised-button.cdk-keyboard-focused .mat-button-focus-overlay,.mat-raised-button.cdk-program-focused .mat-button-focus-overlay{opacity:.12}.mat-raised-button::-moz-focus-inner{border:0}._mat-animation-noopable.mat-raised-button{transition:none;animation:none}.mat-stroked-button{border:1px solid currentColor;padding:0 15px;line-height:34px}.mat-stroked-button .mat-button-focus-overlay,.mat-stroked-button .mat-button-ripple.mat-ripple{top:-1px;left:-1px;right:-1px;bottom:-1px}.mat-fab{box-sizing:border-box;position:relative;-webkit-user-select:none;-moz-user-select:none;-ms-user-select:none;user-select:none;cursor:pointer;outline:0;border:none;-webkit-tap-highlight-color:transparent;display:inline-block;white-space:nowrap;text-decoration:none;vertical-align:baseline;text-align:center;margin:0;min-width:64px;line-height:36px;padding:0 16px;border-radius:4px;overflow:visible;transform:translate3d(0,0,0);transition:background .4s cubic-bezier(.25,.8,.25,1),box-shadow 280ms cubic-bezier(.4,0,.2,1);min-width:0;border-radius:50%;width:56px;height:56px;padding:0;flex-shrink:0}.mat-fab::-moz-focus-inner{border:0}.mat-fab[disabled]{cursor:default}.mat-fab.cdk-keyboard-focused .mat-button-focus-overlay,.mat-fab.cdk-program-focused .mat-button-focus-overlay{opacity:.12}.mat-fab::-moz-focus-inner{border:0}._mat-animation-noopable.mat-fab{transition:none;animation:none}.mat-fab .mat-button-wrapper{padding:16px 0;display:inline-block;line-height:24px}.mat-mini-fab{box-sizing:border-box;position:relative;-webkit-user-select:none;-moz-user-select:none;-ms-user-select:none;user-select:none;cursor:pointer;outline:0;border:none;-webkit-tap-highlight-color:transparent;display:inline-block;white-space:nowrap;text-decoration:none;vertical-align:baseline;text-align:center;margin:0;min-width:64px;line-height:36px;padding:0 16px;border-radius:4px;overflow:visible;transform:translate3d(0,0,0);transition:background .4s cubic-bezier(.25,.8,.25,1),box-shadow 280ms cubic-bezier(.4,0,.2,1);min-width:0;border-radius:50%;width:40px;height:40px;padding:0;flex-shrink:0}.mat-mini-fab::-moz-focus-inner{border:0}.mat-mini-fab[disabled]{cursor:default}.mat-mini-fab.cdk-keyboard-focused .mat-button-focus-overlay,.mat-mini-fab.cdk-program-focused .mat-button-focus-overlay{opacity:.12}.mat-mini-fab::-moz-focus-inner{border:0}._mat-animation-noopable.mat-mini-fab{transition:none;animation:none}.mat-mini-fab .mat-button-wrapper{padding:8px 0;display:inline-block;line-height:24px}.mat-icon-button{padding:0;min-width:0;width:40px;height:40px;flex-shrink:0;line-height:40px;border-radius:50%}.mat-icon-button .mat-icon,.mat-icon-button i{line-height:24px}.mat-button-focus-overlay,.mat-button-ripple.mat-ripple{top:0;left:0;right:0;bottom:0;position:absolute;pointer-events:none;border-radius:inherit}.mat-button-focus-overlay{opacity:0;transition:opacity .2s cubic-bezier(.35,0,.25,1),background-color .2s cubic-bezier(.35,0,.25,1)}._mat-animation-noopable .mat-button-focus-overlay{transition:none}@media (-ms-high-contrast:active){.mat-button-focus-overlay{background-color:#fff}}@media (-ms-high-contrast:black-on-white){.mat-button-focus-overlay{background-color:#000}}.mat-button-ripple-round{border-radius:50%;z-index:1}.mat-button .mat-button-wrapper>*,.mat-fab .mat-button-wrapper>*,.mat-flat-button .mat-button-wrapper>*,.mat-icon-button .mat-button-wrapper>*,.mat-mini-fab .mat-button-wrapper>*,.mat-raised-button .mat-button-wrapper>*,.mat-stroked-button .mat-button-wrapper>*{vertical-align:middle}.mat-form-field:not(.mat-form-field-appearance-legacy) .mat-form-field-prefix .mat-icon-button,.mat-form-field:not(.mat-form-field-appearance-legacy) .mat-form-field-suffix .mat-icon-button{display:block;font-size:inherit;width:2.5em;height:2.5em}@media (-ms-high-contrast:active){.mat-button,.mat-fab,.mat-flat-button,.mat-icon-button,.mat-mini-fab,.mat-raised-button{outline:solid 1px}}"]}]}],"members":{"ripple":[{"__symbolic":"property","decorators":[{"__symbolic":"call","expression":{"__symbolic":"reference","module":"@angular/core","name":"ViewChild","line":91,"character":3},"arguments":[{"__symbolic":"reference","module":"@angular/material/core","name":"MatRipple","line":91,"character":13}]}]}],"__ctor__":[{"__symbolic":"constructor","parameterDecorators":[null,null,null,[{"__symbolic":"call","expression":{"__symbolic":"reference","module":"@angular/core","name":"Optional","line":101,"character":15}},{"__symbolic":"call","expression":{"__symbolic":"reference","module":"@angular/core","name":"Inject","line":101,"character":27},"arguments":[{"__symbolic":"reference","module":"@angular/platform-browser/animations","name":"ANIMATION_MODULE_TYPE","line":101,"character":34}]}]],"parameters":[{"__symbolic":"reference","module":"@angular/core","name":"ElementRef","line":55,"character":34},{"__symbolic":"reference","module":"@angular/cdk/platform","name":"Platform","line":98,"character":25},{"__symbolic":"reference","module":"@angular/cdk/a11y","name":"FocusMonitor","line":99,"character":37},{"__symbolic":"reference","name":"string"}]}],"ngOnDestroy":[{"__symbolic":"method"}],"focus":[{"__symbolic":"method"}],"_getHostElement":[{"__symbolic":"method"}],"_isRippleDisabled":[{"__symbolic":"method"}],"_hasHostAttributes":[{"__symbolic":"method"}]}},"MatAnchor":{"__symbolic":"class","extends":{"__symbolic":"reference","name":"MatButton"},"decorators":[{"__symbolic":"call","expression":{"__symbolic":"reference","module":"@angular/core","name":"Component","line":145,"character":1},"arguments":[{"moduleId":{"__symbolic":"select","expression":{"__symbolic":"reference","name":"module"},"member":"id"},"selector":"a[mat-button], a[mat-raised-button], a[mat-icon-button], a[mat-fab],\n             a[mat-mini-fab], a[mat-stroked-button], a[mat-flat-button]","exportAs":"matButton, matAnchor","host":{"[attr.tabindex]":"disabled ? -1 : (tabIndex || 0)","[attr.disabled]":"disabled || null","[attr.aria-disabled]":"disabled.toString()","(click)":"_haltDisabledEvents($event)","[class._mat-animation-noopable]":"_animationMode === \"NoopAnimations\"","$quoted$":["[attr.tabindex]","[attr.disabled]","[attr.aria-disabled]","(click)","[class._mat-animation-noopable]"]},"inputs":["disabled","disableRipple","color"],"encapsulation":{"__symbolic":"select","expression":{"__symbolic":"reference","module":"@angular/core","name":"ViewEncapsulation","line":163,"character":17},"member":"None"},"changeDetection":{"__symbolic":"select","expression":{"__symbolic":"reference","module":"@angular/core","name":"ChangeDetectionStrategy","line":164,"character":19},"member":"OnPush"},"template":"<span class=\"mat-button-wrapper\"><ng-content></ng-content></span><div matRipple class=\"mat-button-ripple\" [class.mat-button-ripple-round]=\"isRoundButton || isIconButton\" [matRippleDisabled]=\"_isRippleDisabled()\" [matRippleCentered]=\"isIconButton\" [matRippleTrigger]=\"_getHostElement()\"></div><div class=\"mat-button-focus-overlay\"></div>","styles":[".mat-button .mat-button-focus-overlay,.mat-icon-button .mat-button-focus-overlay{opacity:0}.mat-button:hover .mat-button-focus-overlay,.mat-stroked-button:hover .mat-button-focus-overlay{opacity:.04}@media (hover:none){.mat-button:hover .mat-button-focus-overlay,.mat-stroked-button:hover .mat-button-focus-overlay{opacity:0}}.mat-button,.mat-flat-button,.mat-icon-button,.mat-stroked-button{box-sizing:border-box;position:relative;-webkit-user-select:none;-moz-user-select:none;-ms-user-select:none;user-select:none;cursor:pointer;outline:0;border:none;-webkit-tap-highlight-color:transparent;display:inline-block;white-space:nowrap;text-decoration:none;vertical-align:baseline;text-align:center;margin:0;min-width:64px;line-height:36px;padding:0 16px;border-radius:4px;overflow:visible}.mat-button::-moz-focus-inner,.mat-flat-button::-moz-focus-inner,.mat-icon-button::-moz-focus-inner,.mat-stroked-button::-moz-focus-inner{border:0}.mat-button[disabled],.mat-flat-button[disabled],.mat-icon-button[disabled],.mat-stroked-button[disabled]{cursor:default}.mat-button.cdk-keyboard-focused .mat-button-focus-overlay,.mat-button.cdk-program-focused .mat-button-focus-overlay,.mat-flat-button.cdk-keyboard-focused .mat-button-focus-overlay,.mat-flat-button.cdk-program-focused .mat-button-focus-overlay,.mat-icon-button.cdk-keyboard-focused .mat-button-focus-overlay,.mat-icon-button.cdk-program-focused .mat-button-focus-overlay,.mat-stroked-button.cdk-keyboard-focused .mat-button-focus-overlay,.mat-stroked-button.cdk-program-focused .mat-button-focus-overlay{opacity:.12}.mat-button::-moz-focus-inner,.mat-flat-button::-moz-focus-inner,.mat-icon-button::-moz-focus-inner,.mat-stroked-button::-moz-focus-inner{border:0}.mat-raised-button{box-sizing:border-box;position:relative;-webkit-user-select:none;-moz-user-select:none;-ms-user-select:none;user-select:none;cursor:pointer;outline:0;border:none;-webkit-tap-highlight-color:transparent;display:inline-block;white-space:nowrap;text-decoration:none;vertical-align:baseline;text-align:center;margin:0;min-width:64px;line-height:36px;padding:0 16px;border-radius:4px;overflow:visible;transform:translate3d(0,0,0);transition:background .4s cubic-bezier(.25,.8,.25,1),box-shadow 280ms cubic-bezier(.4,0,.2,1)}.mat-raised-button::-moz-focus-inner{border:0}.mat-raised-button[disabled]{cursor:default}.mat-raised-button.cdk-keyboard-focused .mat-button-focus-overlay,.mat-raised-button.cdk-program-focused .mat-button-focus-overlay{opacity:.12}.mat-raised-button::-moz-focus-inner{border:0}._mat-animation-noopable.mat-raised-button{transition:none;animation:none}.mat-stroked-button{border:1px solid currentColor;padding:0 15px;line-height:34px}.mat-stroked-button .mat-button-focus-overlay,.mat-stroked-button .mat-button-ripple.mat-ripple{top:-1px;left:-1px;right:-1px;bottom:-1px}.mat-fab{box-sizing:border-box;position:relative;-webkit-user-select:none;-moz-user-select:none;-ms-user-select:none;user-select:none;cursor:pointer;outline:0;border:none;-webkit-tap-highlight-color:transparent;display:inline-block;white-space:nowrap;text-decoration:none;vertical-align:baseline;text-align:center;margin:0;min-width:64px;line-height:36px;padding:0 16px;border-radius:4px;overflow:visible;transform:translate3d(0,0,0);transition:background .4s cubic-bezier(.25,.8,.25,1),box-shadow 280ms cubic-bezier(.4,0,.2,1);min-width:0;border-radius:50%;width:56px;height:56px;padding:0;flex-shrink:0}.mat-fab::-moz-focus-inner{border:0}.mat-fab[disabled]{cursor:default}.mat-fab.cdk-keyboard-focused .mat-button-focus-overlay,.mat-fab.cdk-program-focused .mat-button-focus-overlay{opacity:.12}.mat-fab::-moz-focus-inner{border:0}._mat-animation-noopable.mat-fab{transition:none;animation:none}.mat-fab .mat-button-wrapper{padding:16px 0;display:inline-block;line-height:24px}.mat-mini-fab{box-sizing:border-box;position:relative;-webkit-user-select:none;-moz-user-select:none;-ms-user-select:none;user-select:none;cursor:pointer;outline:0;border:none;-webkit-tap-highlight-color:transparent;display:inline-block;white-space:nowrap;text-decoration:none;vertical-align:baseline;text-align:center;margin:0;min-width:64px;line-height:36px;padding:0 16px;border-radius:4px;overflow:visible;transform:translate3d(0,0,0);transition:background .4s cubic-bezier(.25,.8,.25,1),box-shadow 280ms cubic-bezier(.4,0,.2,1);min-width:0;border-radius:50%;width:40px;height:40px;padding:0;flex-shrink:0}.mat-mini-fab::-moz-focus-inner{border:0}.mat-mini-fab[disabled]{cursor:default}.mat-mini-fab.cdk-keyboard-focused .mat-button-focus-overlay,.mat-mini-fab.cdk-program-focused .mat-button-focus-overlay{opacity:.12}.mat-mini-fab::-moz-focus-inner{border:0}._mat-animation-noopable.mat-mini-fab{transition:none;animation:none}.mat-mini-fab .mat-button-wrapper{padding:8px 0;display:inline-block;line-height:24px}.mat-icon-button{padding:0;min-width:0;width:40px;height:40px;flex-shrink:0;line-height:40px;border-radius:50%}.mat-icon-button .mat-icon,.mat-icon-button i{line-height:24px}.mat-button-focus-overlay,.mat-button-ripple.mat-ripple{top:0;left:0;right:0;bottom:0;position:absolute;pointer-events:none;border-radius:inherit}.mat-button-focus-overlay{opacity:0;transition:opacity .2s cubic-bezier(.35,0,.25,1),background-color .2s cubic-bezier(.35,0,.25,1)}._mat-animation-noopable .mat-button-focus-overlay{transition:none}@media (-ms-high-contrast:active){.mat-button-focus-overlay{background-color:#fff}}@media (-ms-high-contrast:black-on-white){.mat-button-focus-overlay{background-color:#000}}.mat-button-ripple-round{border-radius:50%;z-index:1}.mat-button .mat-button-wrapper>*,.mat-fab .mat-button-wrapper>*,.mat-flat-button .mat-button-wrapper>*,.mat-icon-button .mat-button-wrapper>*,.mat-mini-fab .mat-button-wrapper>*,.mat-raised-button .mat-button-wrapper>*,.mat-stroked-button .mat-button-wrapper>*{vertical-align:middle}.mat-form-field:not(.mat-form-field-appearance-legacy) .mat-form-field-prefix .mat-icon-button,.mat-form-field:not(.mat-form-field-appearance-legacy) .mat-form-field-suffix .mat-icon-button{display:block;font-size:inherit;width:2.5em;height:2.5em}@media (-ms-high-contrast:active){.mat-button,.mat-fab,.mat-flat-button,.mat-icon-button,.mat-mini-fab,.mat-raised-button{outline:solid 1px}}"]}]}],"members":{"tabIndex":[{"__symbolic":"property","decorators":[{"__symbolic":"call","expression":{"__symbolic":"reference","module":"@angular/core","name":"Input","line":168,"character":3}}]}],"__ctor__":[{"__symbolic":"constructor","parameterDecorators":[null,null,null,[{"__symbolic":"call","expression":{"__symbolic":"reference","module":"@angular/core","name":"Optional","line":175,"character":5}},{"__symbolic":"call","expression":{"__symbolic":"reference","module":"@angular/core","name":"Inject","line":175,"character":17},"arguments":[{"__symbolic":"reference","module":"@angular/platform-browser/animations","name":"ANIMATION_MODULE_TYPE","line":175,"character":24}]}]],"parameters":[{"__symbolic":"reference","module":"@angular/cdk/platform","name":"Platform","line":98,"character":25},{"__symbolic":"reference","module":"@angular/cdk/a11y","name":"FocusMonitor","line":99,"character":37},{"__symbolic":"reference","module":"@angular/core","name":"ElementRef","line":55,"character":34},{"__symbolic":"reference","name":"string"}]}],"_haltDisabledEvents":[{"__symbolic":"method"}]}}},"origins":{"MatButtonModule":"./button-module","MatButtonBase":"./button","_MatButtonMixinBase":"./button","MatButton":"./button","MatAnchor":"./button"},"importAs":"@angular/material/button"}