{"__symbolic":"module","version":4,"metadata":{"MatDialogModule":{"__symbolic":"class","decorators":[{"__symbolic":"call","expression":{"__symbolic":"reference","module":"@angular/core","name":"NgModule","line":23,"character":1},"arguments":[{"imports":[{"__symbolic":"reference","module":"@angular/common","name":"CommonModule","line":25,"character":4},{"__symbolic":"reference","module":"@angular/cdk/overlay","name":"OverlayModule","line":26,"character":4},{"__symbolic":"reference","module":"@angular/cdk/portal","name":"PortalModule","line":27,"character":4},{"__symbolic":"reference","module":"@angular/material/core","name":"MatCommonModule","line":28,"character":4}],"exports":[{"__symbolic":"reference","name":"MatDialogContainer"},{"__symbolic":"reference","name":"MatDialogClose"},{"__symbolic":"reference","name":"MatDialogTitle"},{"__symbolic":"reference","name":"MatDialogContent"},{"__symbolic":"reference","name":"MatDialogActions"},{"__symbolic":"reference","module":"@angular/material/core","name":"MatCommonModule","line":36,"character":4}],"declarations":[{"__symbolic":"reference","name":"MatDialogContainer"},{"__symbolic":"reference","name":"MatDialogClose"},{"__symbolic":"reference","name":"MatDialogTitle"},{"__symbolic":"reference","name":"MatDialogActions"},{"__symbolic":"reference","name":"MatDialogContent"}],"providers":[{"__symbolic":"reference","name":"MatDialog"},{"__symbolic":"reference","name":"MAT_DIALOG_SCROLL_STRATEGY_PROVIDER"}],"entryComponents":[{"__symbolic":"reference","name":"MatDialogContainer"}]}]}],"members":{}},"MAT_DIALOG_DATA":{"__symbolic":"new","expression":{"__symbolic":"reference","module":"@angular/core","name":"InjectionToken","line":36,"character":35},"arguments":["MatDialogData"]},"MAT_DIALOG_DEFAULT_OPTIONS":{"__symbolic":"new","expression":{"__symbolic":"reference","module":"@angular/core","name":"InjectionToken","line":40,"character":8},"arguments":["mat-dialog-default-options"]},"MAT_DIALOG_SCROLL_STRATEGY":{"__symbolic":"new","expression":{"__symbolic":"reference","module":"@angular/core","name":"InjectionToken","line":44,"character":8},"arguments":["mat-dialog-scroll-strategy"]},"MAT_DIALOG_SCROLL_STRATEGY_FACTORY":{"__symbolic":"function","parameters":["overlay"],"value":{"__symbolic":"error","message":"Lambda not supported","line":48,"character":9,"module":"./dialog"}},"MAT_DIALOG_SCROLL_STRATEGY_PROVIDER_FACTORY":{"__symbolic":"function","parameters":["overlay"],"value":{"__symbolic":"error","message":"Lambda not supported","line":54,"character":9,"module":"./dialog"}},"MAT_DIALOG_SCROLL_STRATEGY_PROVIDER":{"provide":{"__symbolic":"reference","name":"MAT_DIALOG_SCROLL_STRATEGY"},"deps":[{"__symbolic":"reference","module":"@angular/cdk/overlay","name":"Overlay","line":60,"character":9}],"useFactory":{"__symbolic":"reference","name":"MAT_DIALOG_SCROLL_STRATEGY_PROVIDER_FACTORY"}},"MatDialog":{"__symbolic":"class","decorators":[{"__symbolic":"call","expression":{"__symbolic":"reference","module":"@angular/core","name":"Injectable","line":68,"character":1}}],"members":{"__ctor__":[{"__symbolic":"constructor","parameterDecorators":[null,null,[{"__symbolic":"call","expression":{"__symbolic":"reference","module":"@angular/core","name":"Optional","line":111,"character":7}}],[{"__symbolic":"call","expression":{"__symbolic":"reference","module":"@angular/core","name":"Optional","line":112,"character":7}},{"__symbolic":"call","expression":{"__symbolic":"reference","module":"@angular/core","name":"Inject","line":112,"character":19},"arguments":[{"__symbolic":"reference","name":"MAT_DIALOG_DEFAULT_OPTIONS"}]}],[{"__symbolic":"call","expression":{"__symbolic":"reference","module":"@angular/core","name":"Inject","line":113,"character":7},"arguments":[{"__symbolic":"reference","name":"MAT_DIALOG_SCROLL_STRATEGY"}]}],[{"__symbolic":"call","expression":{"__symbolic":"reference","module":"@angular/core","name":"Optional","line":114,"character":7}},{"__symbolic":"call","expression":{"__symbolic":"reference","module":"@angular/core","name":"SkipSelf","line":114,"character":19}}],null],"parameters":[{"__symbolic":"reference","module":"@angular/cdk/overlay","name":"Overlay","line":109,"character":24},{"__symbolic":"reference","module":"@angular/core","name":"Injector","line":110,"character":25},{"__symbolic":"reference","module":"@angular/common","name":"Location","line":111,"character":37},{"__symbolic":"reference","name":"MatDialogConfig"},{"__symbolic":"reference","name":"any"},{"__symbolic":"reference","name":"MatDialog"},{"__symbolic":"reference","module":"@angular/cdk/overlay","name":"OverlayContainer","line":115,"character":33}]}],"open":[{"__symbolic":"method"}],"closeAll":[{"__symbolic":"method"}],"getDialogById":[{"__symbolic":"method"}],"ngOnDestroy":[{"__symbolic":"method"}],"_createOverlay":[{"__symbolic":"method"}],"_getOverlayConfig":[{"__symbolic":"method"}],"_attachDialogContainer":[{"__symbolic":"method"}],"_attachDialogContent":[{"__symbolic":"method"}],"_createInjector":[{"__symbolic":"method"}],"_removeOpenDialog":[{"__symbolic":"method"}],"_hideNonDialogContentFromAssistiveTechnology":[{"__symbolic":"method"}],"_closeDialogs":[{"__symbolic":"method"}]}},"throwMatDialogContentAlreadyAttachedError":{"__symbolic":"function"},"MatDialogContainer":{"__symbolic":"class","extends":{"__symbolic":"reference","module":"@angular/cdk/portal","name":"BasePortalOutlet","line":72,"character":40},"decorators":[{"__symbolic":"call","expression":{"__symbolic":"reference","module":"@angular/core","name":"Component","line":48,"character":1},"arguments":[{"moduleId":{"__symbolic":"select","expression":{"__symbolic":"reference","name":"module"},"member":"id"},"selector":"mat-dialog-container","encapsulation":{"__symbolic":"select","expression":{"__symbolic":"reference","module":"@angular/core","name":"ViewEncapsulation","line":53,"character":17},"member":"None"},"changeDetection":{"__symbolic":"select","expression":{"__symbolic":"reference","module":"@angular/core","name":"ChangeDetectionStrategy","line":56,"character":19},"member":"Default"},"animations":[{"__symbolic":"select","expression":{"__symbolic":"reference","name":"matDialogAnimations"},"member":"dialogContainer"}],"host":{"class":"mat-dialog-container","tabindex":"-1","aria-modal":"true","[attr.id]":"_id","[attr.role]":"_config.role","[attr.aria-labelledby]":"_config.ariaLabel ? null : _ariaLabelledBy","[attr.aria-label]":"_config.ariaLabel","[attr.aria-describedby]":"_config.ariaDescribedBy || null","[@dialogContainer]":"_state","(@dialogContainer.start)":"_onAnimationStart($event)","(@dialogContainer.done)":"_onAnimationDone($event)","$quoted$":["class","tabindex","aria-modal","[attr.id]","[attr.role]","[attr.aria-labelledby]","[attr.aria-label]","[attr.aria-describedby]","[@dialogContainer]","(@dialogContainer.start)","(@dialogContainer.done)"]},"template":"<ng-template cdkPortalOutlet></ng-template>","styles":[".mat-dialog-container{display:block;padding:24px;border-radius:4px;box-sizing:border-box;overflow:auto;outline:0;width:100%;height:100%;min-height:inherit;max-height:inherit}@media (-ms-high-contrast:active){.mat-dialog-container{outline:solid 1px}}.mat-dialog-content{display:block;margin:0 -24px;padding:0 24px;max-height:65vh;overflow:auto;-webkit-overflow-scrolling:touch}.mat-dialog-title{margin:0 0 20px;display:block}.mat-dialog-actions{padding:8px 0;display:flex;flex-wrap:wrap;min-height:52px;align-items:center;margin-bottom:-24px}.mat-dialog-actions[align=end]{justify-content:flex-end}.mat-dialog-actions[align=center]{justify-content:center}.mat-dialog-actions .mat-button+.mat-button,.mat-dialog-actions .mat-button+.mat-raised-button,.mat-dialog-actions .mat-raised-button+.mat-button,.mat-dialog-actions .mat-raised-button+.mat-raised-button{margin-left:8px}[dir=rtl] .mat-dialog-actions .mat-button+.mat-button,[dir=rtl] .mat-dialog-actions .mat-button+.mat-raised-button,[dir=rtl] .mat-dialog-actions .mat-raised-button+.mat-button,[dir=rtl] .mat-dialog-actions .mat-raised-button+.mat-raised-button{margin-left:0;margin-right:8px}"]}]}],"members":{"_portalOutlet":[{"__symbolic":"property","decorators":[{"__symbolic":"call","expression":{"__symbolic":"reference","module":"@angular/core","name":"ViewChild","line":74,"character":3},"arguments":[{"__symbolic":"reference","module":"@angular/cdk/portal","name":"CdkPortalOutlet","line":74,"character":13}]}]}],"__ctor__":[{"__symbolic":"constructor","parameterDecorators":[null,null,null,[{"__symbolic":"call","expression":{"__symbolic":"reference","module":"@angular/core","name":"Optional","line":98,"character":5}},{"__symbolic":"call","expression":{"__symbolic":"reference","module":"@angular/core","name":"Inject","line":98,"character":17},"arguments":[{"__symbolic":"reference","module":"@angular/common","name":"DOCUMENT","line":98,"character":24}]}],null],"parameters":[{"__symbolic":"reference","module":"@angular/core","name":"ElementRef","line":95,"character":25},{"__symbolic":"reference","module":"@angular/cdk/a11y","name":"FocusTrapFactory","line":96,"character":31},{"__symbolic":"reference","module":"@angular/core","name":"ChangeDetectorRef","line":97,"character":32},{"__symbolic":"reference","name":"any"},{"__symbolic":"reference","name":"MatDialogConfig"}]}],"attachComponentPortal":[{"__symbolic":"method"}],"attachTemplatePortal":[{"__symbolic":"method"}],"_trapFocus":[{"__symbolic":"method"}],"_restoreFocus":[{"__symbolic":"method"}],"_savePreviouslyFocusedElement":[{"__symbolic":"method"}],"_onAnimationDone":[{"__symbolic":"method"}],"_onAnimationStart":[{"__symbolic":"method"}],"_startExitAnimation":[{"__symbolic":"method"}]}},"MatDialogClose":{"__symbolic":"class","decorators":[{"__symbolic":"call","expression":{"__symbolic":"reference","module":"@angular/core","name":"Directive","line":26,"character":1},"arguments":[{"selector":"button[mat-dialog-close], button[matDialogClose]","exportAs":"matDialogClose","host":{"(click)":"dialogRef.close(dialogResult)","[attr.aria-label]":"ariaLabel || null","type":"button","$quoted$":["(click)","[attr.aria-label]","type"]}}]}],"members":{"ariaLabel":[{"__symbolic":"property","decorators":[{"__symbolic":"call","expression":{"__symbolic":"reference","module":"@angular/core","name":"Input","line":37,"character":3},"arguments":["aria-label"]}]}],"dialogResult":[{"__symbolic":"property","decorators":[{"__symbolic":"call","expression":{"__symbolic":"reference","module":"@angular/core","name":"Input","line":40,"character":3},"arguments":["mat-dialog-close"]}]}],"_matDialogClose":[{"__symbolic":"property","decorators":[{"__symbolic":"call","expression":{"__symbolic":"reference","module":"@angular/core","name":"Input","line":42,"character":3},"arguments":["matDialogClose"]}]}],"__ctor__":[{"__symbolic":"constructor","parameterDecorators":[[{"__symbolic":"call","expression":{"__symbolic":"reference","module":"@angular/core","name":"Optional","line":45,"character":5}}],null,null],"parameters":[{"__symbolic":"reference","name":"MatDialogRef"},{"__symbolic":"reference","name":"ElementRef","module":"@angular/core","arguments":[{"__symbolic":"error","message":"Could not resolve type","line":85,"character":36,"context":{"typeName":"HTMLElement"},"module":"./dialog-content-directives"}]},{"__symbolic":"reference","name":"MatDialog"}]}],"ngOnInit":[{"__symbolic":"method"}],"ngOnChanges":[{"__symbolic":"method"}]}},"MatDialogTitle":{"__symbolic":"class","decorators":[{"__symbolic":"call","expression":{"__symbolic":"reference","module":"@angular/core","name":"Directive","line":72,"character":1},"arguments":[{"selector":"[mat-dialog-title], [matDialogTitle]","exportAs":"matDialogTitle","host":{"class":"mat-dialog-title","[id]":"id","$quoted$":["class","[id]"]}}]}],"members":{"id":[{"__symbolic":"property","decorators":[{"__symbolic":"call","expression":{"__symbolic":"reference","module":"@angular/core","name":"Input","line":81,"character":3}}]}],"__ctor__":[{"__symbolic":"constructor","parameterDecorators":[[{"__symbolic":"call","expression":{"__symbolic":"reference","module":"@angular/core","name":"Optional","line":84,"character":5}}],null,null],"parameters":[{"__symbolic":"reference","name":"MatDialogRef"},{"__symbolic":"reference","name":"ElementRef","module":"@angular/core","arguments":[{"__symbolic":"error","message":"Could not resolve type","line":85,"character":36,"context":{"typeName":"HTMLElement"},"module":"./dialog-content-directives"}]},{"__symbolic":"reference","name":"MatDialog"}]}],"ngOnInit":[{"__symbolic":"method"}]}},"MatDialogContent":{"__symbolic":"class","decorators":[{"__symbolic":"call","expression":{"__symbolic":"reference","module":"@angular/core","name":"Directive","line":109,"character":1},"arguments":[{"selector":"[mat-dialog-content], mat-dialog-content, [matDialogContent]","host":{"class":"mat-dialog-content","$quoted$":["class"]}}]}],"members":{}},"MatDialogActions":{"__symbolic":"class","decorators":[{"__symbolic":"call","expression":{"__symbolic":"reference","module":"@angular/core","name":"Directive","line":120,"character":1},"arguments":[{"selector":"[mat-dialog-actions], mat-dialog-actions, [matDialogActions]","host":{"class":"mat-dialog-actions","$quoted$":["class"]}}]}],"members":{}},"DialogRole":{"__symbolic":"interface"},"DialogPosition":{"__symbolic":"interface"},"MatDialogConfig":{"__symbolic":"class","arity":1,"members":{}},"MatDialogRef":{"__symbolic":"class","arity":2,"members":{"__ctor__":[{"__symbolic":"constructor","parameters":[{"__symbolic":"reference","module":"@angular/cdk/overlay","name":"OverlayRef","line":45,"character":25},{"__symbolic":"reference","name":"MatDialogContainer"},{"__symbolic":"reference","module":"@angular/common","name":"Location","line":48,"character":16},{"__symbolic":"reference","name":"string"}]}],"close":[{"__symbolic":"method"}],"afterOpened":[{"__symbolic":"method"}],"afterClosed":[{"__symbolic":"method"}],"beforeClosed":[{"__symbolic":"method"}],"backdropClick":[{"__symbolic":"method"}],"keydownEvents":[{"__symbolic":"method"}],"updatePosition":[{"__symbolic":"method"}],"updateSize":[{"__symbolic":"method"}],"addPanelClass":[{"__symbolic":"method"}],"removePanelClass":[{"__symbolic":"method"}],"afterOpen":[{"__symbolic":"method"}],"beforeClose":[{"__symbolic":"method"}],"_getPositionStrategy":[{"__symbolic":"method"}]}},"matDialogAnimations":{"dialogContainer":{"__symbolic":"call","expression":{"__symbolic":"reference","module":"@angular/animations","name":"trigger","line":37,"character":19},"arguments":["dialogContainer",[{"__symbolic":"call","expression":{"__symbolic":"reference","module":"@angular/animations","name":"state","line":20,"character":2},"arguments":["void, exit",{"__symbolic":"call","expression":{"__symbolic":"reference","module":"@angular/animations","name":"style","line":20,"character":22},"arguments":[{"opacity":0,"transform":"scale(0.7)"}]}]},{"__symbolic":"call","expression":{"__symbolic":"reference","module":"@angular/animations","name":"state","line":21,"character":2},"arguments":["enter",{"__symbolic":"call","expression":{"__symbolic":"reference","module":"@angular/animations","name":"style","line":21,"character":17},"arguments":[{"transform":"none"}]}]},{"__symbolic":"call","expression":{"__symbolic":"reference","module":"@angular/animations","name":"transition","line":22,"character":2},"arguments":["* => enter",{"__symbolic":"call","expression":{"__symbolic":"reference","module":"@angular/animations","name":"animate","line":22,"character":27},"arguments":["150ms cubic-bezier(0, 0, 0.2, 1)",{"__symbolic":"call","expression":{"__symbolic":"reference","module":"@angular/animations","name":"style","line":23,"character":6},"arguments":[{"transform":"none","opacity":1}]}]}]},{"__symbolic":"call","expression":{"__symbolic":"reference","module":"@angular/animations","name":"transition","line":24,"character":2},"arguments":["* => void, * => exit",{"__symbolic":"call","expression":{"__symbolic":"reference","module":"@angular/animations","name":"animate","line":25,"character":6},"arguments":["75ms cubic-bezier(0.4, 0.0, 0.2, 1)",{"__symbolic":"call","expression":{"__symbolic":"reference","module":"@angular/animations","name":"style","line":25,"character":53},"arguments":[{"opacity":0}]}]}]}]]},"slideDialog":{"__symbolic":"call","expression":{"__symbolic":"reference","module":"@angular/animations","name":"trigger","line":40,"character":15},"arguments":["slideDialog",[{"__symbolic":"call","expression":{"__symbolic":"reference","module":"@angular/animations","name":"state","line":20,"character":2},"arguments":["void, exit",{"__symbolic":"call","expression":{"__symbolic":"reference","module":"@angular/animations","name":"style","line":20,"character":22},"arguments":[{"opacity":0,"transform":"scale(0.7)"}]}]},{"__symbolic":"call","expression":{"__symbolic":"reference","module":"@angular/animations","name":"state","line":21,"character":2},"arguments":["enter",{"__symbolic":"call","expression":{"__symbolic":"reference","module":"@angular/animations","name":"style","line":21,"character":17},"arguments":[{"transform":"none"}]}]},{"__symbolic":"call","expression":{"__symbolic":"reference","module":"@angular/animations","name":"transition","line":22,"character":2},"arguments":["* => enter",{"__symbolic":"call","expression":{"__symbolic":"reference","module":"@angular/animations","name":"animate","line":22,"character":27},"arguments":["150ms cubic-bezier(0, 0, 0.2, 1)",{"__symbolic":"call","expression":{"__symbolic":"reference","module":"@angular/animations","name":"style","line":23,"character":6},"arguments":[{"transform":"none","opacity":1}]}]}]},{"__symbolic":"call","expression":{"__symbolic":"reference","module":"@angular/animations","name":"transition","line":24,"character":2},"arguments":["* => void, * => exit",{"__symbolic":"call","expression":{"__symbolic":"reference","module":"@angular/animations","name":"animate","line":25,"character":6},"arguments":["75ms cubic-bezier(0.4, 0.0, 0.2, 1)",{"__symbolic":"call","expression":{"__symbolic":"reference","module":"@angular/animations","name":"style","line":25,"character":53},"arguments":[{"opacity":0}]}]}]}]]}}},"origins":{"MatDialogModule":"./dialog-module","MAT_DIALOG_DATA":"./dialog","MAT_DIALOG_DEFAULT_OPTIONS":"./dialog","MAT_DIALOG_SCROLL_STRATEGY":"./dialog","MAT_DIALOG_SCROLL_STRATEGY_FACTORY":"./dialog","MAT_DIALOG_SCROLL_STRATEGY_PROVIDER_FACTORY":"./dialog","MAT_DIALOG_SCROLL_STRATEGY_PROVIDER":"./dialog","MatDialog":"./dialog","throwMatDialogContentAlreadyAttachedError":"./dialog-container","MatDialogContainer":"./dialog-container","MatDialogClose":"./dialog-content-directives","MatDialogTitle":"./dialog-content-directives","MatDialogContent":"./dialog-content-directives","MatDialogActions":"./dialog-content-directives","DialogRole":"./dialog-config","DialogPosition":"./dialog-config","MatDialogConfig":"./dialog-config","MatDialogRef":"./dialog-ref","matDialogAnimations":"./dialog-animations"},"importAs":"@angular/material/dialog"}