{"__symbolic":"module","version":4,"metadata":{"MatTextareaAutosize":{"__symbolic":"class","extends":{"__symbolic":"reference","module":"@angular/cdk/text-field","name":"CdkTextareaAutosize","line":28,"character":41},"decorators":[{"__symbolic":"call","expression":{"__symbolic":"reference","module":"@angular/core","name":"Directive","line":16,"character":1},"arguments":[{"selector":"textarea[mat-autosize], textarea[matTextareaAutosize]","exportAs":"matTextareaAutosize","inputs":["cdkAutosizeMinRows","cdkAutosizeMaxRows"],"host":{"class":"cdk-textarea-autosize mat-autosize","rows":"1","(input)":"_noopInputHandler()","$quoted$":["class","rows","(input)"]}}]}],"members":{"matAutosizeMinRows":[{"__symbolic":"property","decorators":[{"__symbolic":"call","expression":{"__symbolic":"reference","module":"@angular/core","name":"Input","line":29,"character":3}}]}],"matAutosizeMaxRows":[{"__symbolic":"property","decorators":[{"__symbolic":"call","expression":{"__symbolic":"reference","module":"@angular/core","name":"Input","line":33,"character":3}}]}],"matAutosize":[{"__symbolic":"property","decorators":[{"__symbolic":"call","expression":{"__symbolic":"reference","module":"@angular/core","name":"Input","line":37,"character":3},"arguments":["mat-autosize"]}]}],"matTextareaAutosize":[{"__symbolic":"property","decorators":[{"__symbolic":"call","expression":{"__symbolic":"reference","module":"@angular/core","name":"Input","line":41,"character":3}}]}]}},"MatInputBase":{"__symbolic":"class","members":{"__ctor__":[{"__symbolic":"constructor","parameters":[{"__symbolic":"reference","module":"@angular/material/core","name":"ErrorStateMatcher","line":55,"character":48},{"__symbolic":"reference","module":"@angular/forms","name":"NgForm","line":56,"character":34},{"__symbolic":"reference","module":"@angular/forms","name":"FormGroupDirective","line":57,"character":39},{"__symbolic":"reference","module":"@angular/forms","name":"NgControl","line":59,"character":32}]}]}},"_MatInputMixinBase":{"__symbolic":"call","expression":{"__symbolic":"reference","module":"@angular/material/core","name":"mixinErrorState","line":62,"character":4},"arguments":[{"__symbolic":"reference","name":"MatInputBase"}]},"MatInput":{"__symbolic":"class","extends":{"__symbolic":"reference","name":"_MatInputMixinBase"},"decorators":[{"__symbolic":"call","expression":{"__symbolic":"reference","module":"@angular/core","name":"Directive","line":65,"character":1},"arguments":[{"selector":"input[matInput], textarea[matInput], select[matNativeControl],\n      input[matNativeControl], textarea[matNativeControl]","exportAs":"matInput","host":{"class":"mat-input-element mat-form-field-autofill-control","[class.mat-input-server]":"_isServer","[attr.id]":"id","[attr.placeholder]":"placeholder","[disabled]":"disabled","[required]":"required","[attr.readonly]":"readonly && !_isNativeSelect || null","[attr.aria-describedby]":"_ariaDescribedby || null","[attr.aria-invalid]":"errorState","[attr.aria-required]":"required.toString()","(blur)":"_focusChanged(false)","(focus)":"_focusChanged(true)","(input)":"_onInput()","$quoted$":["class","[class.mat-input-server]","[attr.id]","[attr.placeholder]","[disabled]","[required]","[attr.readonly]","[attr.aria-describedby]","[attr.aria-invalid]","[attr.aria-required]","(blur)","(focus)","(input)"]},"providers":[{"provide":{"__symbolic":"reference","module":"@angular/material/form-field","name":"MatFormFieldControl","line":89,"character":24},"useExisting":{"__symbolic":"reference","name":"MatInput"}}]}]}],"members":{"disabled":[{"__symbolic":"property","decorators":[{"__symbolic":"call","expression":{"__symbolic":"reference","module":"@angular/core","name":"Input","line":133,"character":3}}]}],"id":[{"__symbolic":"property","decorators":[{"__symbolic":"call","expression":{"__symbolic":"reference","module":"@angular/core","name":"Input","line":156,"character":3}}]}],"placeholder":[{"__symbolic":"property","decorators":[{"__symbolic":"call","expression":{"__symbolic":"reference","module":"@angular/core","name":"Input","line":165,"character":3}}]}],"required":[{"__symbolic":"property","decorators":[{"__symbolic":"call","expression":{"__symbolic":"reference","module":"@angular/core","name":"Input","line":171,"character":3}}]}],"type":[{"__symbolic":"property","decorators":[{"__symbolic":"call","expression":{"__symbolic":"reference","module":"@angular/core","name":"Input","line":177,"character":3}}]}],"errorStateMatcher":[{"__symbolic":"property","decorators":[{"__symbolic":"call","expression":{"__symbolic":"reference","module":"@angular/core","name":"Input","line":193,"character":3}}]}],"value":[{"__symbolic":"property","decorators":[{"__symbolic":"call","expression":{"__symbolic":"reference","module":"@angular/core","name":"Input","line":199,"character":3}}]}],"readonly":[{"__symbolic":"property","decorators":[{"__symbolic":"call","expression":{"__symbolic":"reference","module":"@angular/core","name":"Input","line":209,"character":3}}]}],"__ctor__":[{"__symbolic":"constructor","parameterDecorators":[null,null,[{"__symbolic":"call","expression":{"__symbolic":"reference","module":"@angular/core","name":"Optional","line":227,"character":5}},{"__symbolic":"call","expression":{"__symbolic":"reference","module":"@angular/core","name":"Self","line":227,"character":17}}],[{"__symbolic":"call","expression":{"__symbolic":"reference","module":"@angular/core","name":"Optional","line":228,"character":5}}],[{"__symbolic":"call","expression":{"__symbolic":"reference","module":"@angular/core","name":"Optional","line":229,"character":5}}],null,[{"__symbolic":"call","expression":{"__symbolic":"reference","module":"@angular/core","name":"Optional","line":231,"character":5}},{"__symbolic":"call","expression":{"__symbolic":"reference","module":"@angular/core","name":"Self","line":231,"character":17}},{"__symbolic":"call","expression":{"__symbolic":"reference","module":"@angular/core","name":"Inject","line":231,"character":25},"arguments":[{"__symbolic":"reference","name":"MAT_INPUT_VALUE_ACCESSOR"}]}],null,null],"parameters":[{"__symbolic":"reference","name":"ElementRef","module":"@angular/core","arguments":[{"__symbolic":"error","message":"Could not resolve type","line":224,"character":38,"context":{"typeName":"HTMLInputElement"},"module":"./input"}]},{"__symbolic":"reference","module":"@angular/cdk/platform","name":"Platform","line":225,"character":25},{"__symbolic":"reference","module":"@angular/forms","name":"NgControl","line":59,"character":32},{"__symbolic":"reference","module":"@angular/forms","name":"NgForm","line":56,"character":34},{"__symbolic":"reference","module":"@angular/forms","name":"FormGroupDirective","line":57,"character":39},{"__symbolic":"reference","module":"@angular/material/core","name":"ErrorStateMatcher","line":55,"character":48},{"__symbolic":"reference","name":"any"},{"__symbolic":"reference","module":"@angular/cdk/text-field","name":"AutofillMonitor","line":232,"character":30},{"__symbolic":"reference","module":"@angular/core","name":"NgZone","line":233,"character":12}]}],"ngOnInit":[{"__symbolic":"method"}],"ngOnChanges":[{"__symbolic":"method"}],"ngOnDestroy":[{"__symbolic":"method"}],"ngDoCheck":[{"__symbolic":"method"}],"focus":[{"__symbolic":"method"}],"_focusChanged":[{"__symbolic":"method"}],"_onInput":[{"__symbolic":"method"}],"_dirtyCheckNativeValue":[{"__symbolic":"method"}],"_validateType":[{"__symbolic":"method"}],"_isNeverEmpty":[{"__symbolic":"method"}],"_isBadInput":[{"__symbolic":"method"}],"_isTextarea":[{"__symbolic":"method"}],"setDescribedByIds":[{"__symbolic":"method"}],"onContainerClick":[{"__symbolic":"method"}]}},"getMatInputUnsupportedTypeError":{"__symbolic":"function","parameters":["type"],"value":{"__symbolic":"call","expression":{"__symbolic":"reference","name":"Error"},"arguments":[{"__symbolic":"binop","operator":"+","left":{"__symbolic":"binop","operator":"+","left":"Input type \"","right":{"__symbolic":"reference","name":"type"}},"right":"\" isn't supported by matInput."}]}},"MatInputModule":{"__symbolic":"class","decorators":[{"__symbolic":"call","expression":{"__symbolic":"reference","module":"@angular/core","name":"NgModule","line":17,"character":1},"arguments":[{"declarations":[{"__symbolic":"reference","name":"MatInput"},{"__symbolic":"reference","name":"MatTextareaAutosize"}],"imports":[{"__symbolic":"reference","module":"@angular/common","name":"CommonModule","line":20,"character":4},{"__symbolic":"reference","module":"@angular/cdk/text-field","name":"TextFieldModule","line":21,"character":4},{"__symbolic":"reference","module":"@angular/material/form-field","name":"MatFormFieldModule","line":22,"character":4}],"exports":[{"__symbolic":"reference","module":"@angular/cdk/text-field","name":"TextFieldModule","line":25,"character":4},{"__symbolic":"reference","module":"@angular/material/form-field","name":"MatFormFieldModule","line":28,"character":4},{"__symbolic":"reference","name":"MatInput"},{"__symbolic":"reference","name":"MatTextareaAutosize"}],"providers":[{"__symbolic":"reference","module":"@angular/material/core","name":"ErrorStateMatcher","line":32,"character":14}]}]}],"members":{}},"MAT_INPUT_VALUE_ACCESSOR":{"__symbolic":"new","expression":{"__symbolic":"reference","module":"@angular/core","name":"InjectionToken","line":18,"character":8},"arguments":["MAT_INPUT_VALUE_ACCESSOR"]}},"origins":{"MatTextareaAutosize":"./autosize","MatInputBase":"./input","_MatInputMixinBase":"./input","MatInput":"./input","getMatInputUnsupportedTypeError":"./input-errors","MatInputModule":"./input-module","MAT_INPUT_VALUE_ACCESSOR":"./input-value-accessor"},"importAs":"@angular/material/input"}